model,dataset,intervention,layer_idx,layer_depth,split,seed,arm,target_modality,n,correct,misled,neither,p_valid,selectivity
OpenGVLab_InternVL3-14B-hf,mscoco,baseline_first,0,0.0,val,42,baseline,image,100,100,0,0,1.0,1.0
OpenGVLab_InternVL3-14B-hf,mscoco,baseline_first,0,0.0,val,42,baseline,text,100,79,21,0,1.0,0.58
OpenGVLab_InternVL3-14B-hf,mscoco,baseline_first,0,0.0,val,42,intervention,image,100,54,8,38,0.62,0.741935
OpenGVLab_InternVL3-14B-hf,mscoco,baseline_first,0,0.0,val,42,intervention,text,100,15,41,44,0.56,-0.464286
OpenGVLab_InternVL3-14B-hf,mscoco,baseline_first,0,0.0,val,43,baseline,image,100,100,0,0,1.0,1.0
OpenGVLab_InternVL3-14B-hf,mscoco,baseline_first,0,0.0,val,43,baseline,text,100,78,22,0,1.0,0.56
OpenGVLab_InternVL3-14B-hf,mscoco,baseline_first,0,0.0,val,43,intervention,image,100,65,20,15,0.85,0.529412
OpenGVLab_InternVL3-14B-hf,mscoco,baseline_first,0,0.0,val,43,intervention,text,100,46,15,39,0.61,0.508197
OpenGVLab_InternVL3-14B-hf,mscoco,baseline_first,0,0.0,val,44,baseline,image,100,100,0,0,1.0,1.0
OpenGVLab_InternVL3-14B-hf,mscoco,baseline_first,0,0.0,val,44,baseline,text,100,78,22,0,1.0,0.56
OpenGVLab_InternVL3-14B-hf,mscoco,baseline_first,0,0.0,val,44,intervention,image,100,13,39,48,0.52,-0.5
OpenGVLab_InternVL3-14B-hf,mscoco,baseline_first,0,0.0,val,44,intervention,text,100,8,48,44,0.56,-0.714286
OpenGVLab_InternVL3-14B-hf,mscoco,baseline_first,6,0.125,val,42,baseline,image,100,100,0,0,1.0,1.0
OpenGVLab_InternVL3-14B-hf,mscoco,baseline_first,6,0.125,val,42,baseline,text,100,78,22,0,1.0,0.56
OpenGVLab_InternVL3-14B-hf,mscoco,baseline_first,6,0.125,val,42,intervention,image,100,34,39,27,0.73,-0.068493
OpenGVLab_InternVL3-14B-hf,mscoco,baseline_first,6,0.125,val,42,intervention,text,100,0,95,5,0.95,-1.0
OpenGVLab_InternVL3-14B-hf,mscoco,baseline_first,6,0.125,val,43,baseline,image,100,100,0,0,1.0,1.0
OpenGVLab_InternVL3-14B-hf,mscoco,baseline_first,6,0.125,val,43,baseline,text,100,78,22,0,1.0,0.56
OpenGVLab_InternVL3-14B-hf,mscoco,baseline_first,6,0.125,val,43,intervention,image,100,37,40,23,0.77,-0.038961
OpenGVLab_InternVL3-14B-hf,mscoco,baseline_first,6,0.125,val,43,intervention,text,100,5,82,13,0.87,-0.885057
OpenGVLab_InternVL3-14B-hf,mscoco,baseline_first,6,0.125,val,44,baseline,image,100,100,0,0,1.0,1.0
OpenGVLab_InternVL3-14B-hf,mscoco,baseline_first,6,0.125,val,44,baseline,text,100,79,21,0,1.0,0.58
OpenGVLab_InternVL3-14B-hf,mscoco,baseline_first,6,0.125,val,44,intervention,image,100,38,36,26,0.74,0.027027
OpenGVLab_InternVL3-14B-hf,mscoco,baseline_first,6,0.125,val,44,intervention,text,100,1,93,6,0.94,-0.978723
OpenGVLab_InternVL3-14B-hf,mscoco,baseline_first,12,0.25,val,42,baseline,image,100,100,0,0,1.0,1.0
OpenGVLab_InternVL3-14B-hf,mscoco,baseline_first,12,0.25,val,42,baseline,text,100,78,22,0,1.0,0.56
OpenGVLab_InternVL3-14B-hf,mscoco,baseline_first,12,0.25,val,42,intervention,image,100,58,20,22,0.78,0.487179
OpenGVLab_InternVL3-14B-hf,mscoco,baseline_first,12,0.25,val,42,intervention,text,100,6,78,16,0.84,-0.857143
OpenGVLab_InternVL3-14B-hf,mscoco,baseline_first,12,0.25,val,43,baseline,image,100,100,0,0,1.0,1.0
OpenGVLab_InternVL3-14B-hf,mscoco,baseline_first,12,0.25,val,43,baseline,text,100,79,21,0,1.0,0.58
OpenGVLab_InternVL3-14B-hf,mscoco,baseline_first,12,0.25,val,43,intervention,image,100,46,21,33,0.67,0.373134
OpenGVLab_InternVL3-14B-hf,mscoco,baseline_first,12,0.25,val,43,intervention,text,100,9,68,23,0.77,-0.766234
OpenGVLab_InternVL3-14B-hf,mscoco,baseline_first,12,0.25,val,44,baseline,image,100,100,0,0,1.0,1.0
OpenGVLab_InternVL3-14B-hf,mscoco,baseline_first,12,0.25,val,44,baseline,text,100,79,21,0,1.0,0.58
OpenGVLab_InternVL3-14B-hf,mscoco,baseline_first,12,0.25,val,44,intervention,image,100,55,27,18,0.82,0.341463
OpenGVLab_InternVL3-14B-hf,mscoco,baseline_first,12,0.25,val,44,intervention,text,100,2,90,8,0.92,-0.956522
OpenGVLab_InternVL3-14B-hf,mscoco,baseline_first,18,0.375,val,42,baseline,image,100,100,0,0,1.0,1.0
OpenGVLab_InternVL3-14B-hf,mscoco,baseline_first,18,0.375,val,42,baseline,text,100,78,22,0,1.0,0.56
OpenGVLab_InternVL3-14B-hf,mscoco,baseline_first,18,0.375,val,42,intervention,image,100,87,13,0,1.0,0.74
OpenGVLab_InternVL3-14B-hf,mscoco,baseline_first,18,0.375,val,42,intervention,text,100,0,98,2,0.98,-1.0
OpenGVLab_InternVL3-14B-hf,mscoco,baseline_first,18,0.375,val,43,baseline,image,100,100,0,0,1.0,1.0
OpenGVLab_InternVL3-14B-hf,mscoco,baseline_first,18,0.375,val,43,baseline,text,100,78,22,0,1.0,0.56
OpenGVLab_InternVL3-14B-hf,mscoco,baseline_first,18,0.375,val,43,intervention,image,100,89,10,1,0.99,0.79798
OpenGVLab_InternVL3-14B-hf,mscoco,baseline_first,18,0.375,val,43,intervention,text,100,1,96,3,0.97,-0.979381
OpenGVLab_InternVL3-14B-hf,mscoco,baseline_first,18,0.375,val,44,baseline,image,100,100,0,0,1.0,1.0
OpenGVLab_InternVL3-14B-hf,mscoco,baseline_first,18,0.375,val,44,baseline,text,100,78,22,0,1.0,0.56
OpenGVLab_InternVL3-14B-hf,mscoco,baseline_first,18,0.375,val,44,intervention,image,100,85,12,3,0.97,0.752577
OpenGVLab_InternVL3-14B-hf,mscoco,baseline_first,18,0.375,val,44,intervention,text,100,0,99,1,0.99,-1.0
OpenGVLab_InternVL3-14B-hf,mscoco,baseline_first,24,0.5,val,42,baseline,image,100,100,0,0,1.0,1.0
OpenGVLab_InternVL3-14B-hf,mscoco,baseline_first,24,0.5,val,42,baseline,text,100,78,22,0,1.0,0.56
OpenGVLab_InternVL3-14B-hf,mscoco,baseline_first,24,0.5,val,42,intervention,image,100,78,4,18,0.82,0.902439
OpenGVLab_InternVL3-14B-hf,mscoco,baseline_first,24,0.5,val,42,intervention,text,100,1,82,17,0.83,-0.975904
OpenGVLab_InternVL3-14B-hf,mscoco,baseline_first,24,0.5,val,43,baseline,image,100,100,0,0,1.0,1.0
OpenGVLab_InternVL3-14B-hf,mscoco,baseline_first,24,0.5,val,43,baseline,text,100,78,22,0,1.0,0.56
OpenGVLab_InternVL3-14B-hf,mscoco,baseline_first,24,0.5,val,43,intervention,image,100,75,6,19,0.81,0.851852
OpenGVLab_InternVL3-14B-hf,mscoco,baseline_first,24,0.5,val,43,intervention,text,100,0,83,17,0.83,-1.0
OpenGVLab_InternVL3-14B-hf,mscoco,baseline_first,24,0.5,val,44,baseline,image,100,100,0,0,1.0,1.0
OpenGVLab_InternVL3-14B-hf,mscoco,baseline_first,24,0.5,val,44,baseline,text,100,78,22,0,1.0,0.56
OpenGVLab_InternVL3-14B-hf,mscoco,baseline_first,24,0.5,val,44,intervention,image,100,83,6,11,0.89,0.865169
OpenGVLab_InternVL3-14B-hf,mscoco,baseline_first,24,0.5,val,44,intervention,text,100,0,84,16,0.84,-1.0
OpenGVLab_InternVL3-14B-hf,mscoco,baseline_first,29,0.625,val,42,baseline,image,100,100,0,0,1.0,1.0
OpenGVLab_InternVL3-14B-hf,mscoco,baseline_first,29,0.625,val,42,baseline,text,100,78,22,0,1.0,0.56
OpenGVLab_InternVL3-14B-hf,mscoco,baseline_first,29,0.625,val,42,intervention,image,100,53,7,40,0.6,0.766667
OpenGVLab_InternVL3-14B-hf,mscoco,baseline_first,29,0.625,val,42,intervention,text,100,8,25,67,0.33,-0.515152
OpenGVLab_InternVL3-14B-hf,mscoco,baseline_first,29,0.625,val,43,baseline,image,100,100,0,0,1.0,1.0
OpenGVLab_InternVL3-14B-hf,mscoco,baseline_first,29,0.625,val,43,baseline,text,100,78,22,0,1.0,0.56
OpenGVLab_InternVL3-14B-hf,mscoco,baseline_first,29,0.625,val,43,intervention,image,100,49,8,43,0.57,0.719298
OpenGVLab_InternVL3-14B-hf,mscoco,baseline_first,29,0.625,val,43,intervention,text,100,8,21,71,0.29,-0.448276
OpenGVLab_InternVL3-14B-hf,mscoco,baseline_first,29,0.625,val,44,baseline,image,100,100,0,0,1.0,1.0
OpenGVLab_InternVL3-14B-hf,mscoco,baseline_first,29,0.625,val,44,baseline,text,100,79,21,0,1.0,0.58
OpenGVLab_InternVL3-14B-hf,mscoco,baseline_first,29,0.625,val,44,intervention,image,100,51,8,41,0.59,0.728814
OpenGVLab_InternVL3-14B-hf,mscoco,baseline_first,29,0.625,val,44,intervention,text,100,8,19,73,0.27,-0.407407
OpenGVLab_InternVL3-14B-hf,mscoco,baseline_first,35,0.75,val,42,baseline,image,100,100,0,0,1.0,1.0
OpenGVLab_InternVL3-14B-hf,mscoco,baseline_first,35,0.75,val,42,baseline,text,100,78,22,0,1.0,0.56
OpenGVLab_InternVL3-14B-hf,mscoco,baseline_first,35,0.75,val,42,intervention,image,100,91,2,7,0.93,0.956989
OpenGVLab_InternVL3-14B-hf,mscoco,baseline_first,35,0.75,val,42,intervention,text,100,15,59,26,0.74,-0.594595
OpenGVLab_InternVL3-14B-hf,mscoco,baseline_first,35,0.75,val,43,baseline,image,100,100,0,0,1.0,1.0
OpenGVLab_InternVL3-14B-hf,mscoco,baseline_first,35,0.75,val,43,baseline,text,100,78,22,0,1.0,0.56
OpenGVLab_InternVL3-14B-hf,mscoco,baseline_first,35,0.75,val,43,intervention,image,100,94,0,6,0.94,1.0
OpenGVLab_InternVL3-14B-hf,mscoco,baseline_first,35,0.75,val,43,intervention,text,100,15,62,23,0.77,-0.61039
OpenGVLab_InternVL3-14B-hf,mscoco,baseline_first,35,0.75,val,44,baseline,image,100,100,0,0,1.0,1.0
OpenGVLab_InternVL3-14B-hf,mscoco,baseline_first,35,0.75,val,44,baseline,text,100,79,21,0,1.0,0.58
OpenGVLab_InternVL3-14B-hf,mscoco,baseline_first,35,0.75,val,44,intervention,image,100,93,1,6,0.94,0.978723
OpenGVLab_InternVL3-14B-hf,mscoco,baseline_first,35,0.75,val,44,intervention,text,100,17,64,19,0.81,-0.580247
OpenGVLab_InternVL3-14B-hf,mscoco,baseline_first,41,0.875,val,42,baseline,image,100,100,0,0,1.0,1.0
OpenGVLab_InternVL3-14B-hf,mscoco,baseline_first,41,0.875,val,42,baseline,text,100,78,22,0,1.0,0.56
OpenGVLab_InternVL3-14B-hf,mscoco,baseline_first,41,0.875,val,42,intervention,image,100,95,2,3,0.97,0.958763
OpenGVLab_InternVL3-14B-hf,mscoco,baseline_first,41,0.875,val,42,intervention,text,100,51,37,12,0.88,0.159091
OpenGVLab_InternVL3-14B-hf,mscoco,baseline_first,41,0.875,val,43,baseline,image,100,100,0,0,1.0,1.0
OpenGVLab_InternVL3-14B-hf,mscoco,baseline_first,41,0.875,val,43,baseline,text,100,78,22,0,1.0,0.56
OpenGVLab_InternVL3-14B-hf,mscoco,baseline_first,41,0.875,val,43,intervention,image,100,97,3,0,1.0,0.94
OpenGVLab_InternVL3-14B-hf,mscoco,baseline_first,41,0.875,val,43,intervention,text,100,51,37,12,0.88,0.159091
OpenGVLab_InternVL3-14B-hf,mscoco,baseline_first,41,0.875,val,44,baseline,image,100,100,0,0,1.0,1.0
OpenGVLab_InternVL3-14B-hf,mscoco,baseline_first,41,0.875,val,44,baseline,text,100,79,21,0,1.0,0.58
OpenGVLab_InternVL3-14B-hf,mscoco,baseline_first,41,0.875,val,44,intervention,image,100,96,2,2,0.98,0.959184
OpenGVLab_InternVL3-14B-hf,mscoco,baseline_first,41,0.875,val,44,intervention,text,100,52,36,12,0.88,0.181818
OpenGVLab_InternVL3-14B-hf,mscoco,baseline_first,47,1.0,val,42,baseline,image,100,100,0,0,1.0,1.0
OpenGVLab_InternVL3-14B-hf,mscoco,baseline_first,47,1.0,val,42,baseline,text,100,79,21,0,1.0,0.58
OpenGVLab_InternVL3-14B-hf,mscoco,baseline_first,47,1.0,val,42,intervention,image,100,31,3,66,0.34,0.823529
OpenGVLab_InternVL3-14B-hf,mscoco,baseline_first,47,1.0,val,42,intervention,text,100,13,8,79,0.21,0.238095
OpenGVLab_InternVL3-14B-hf,mscoco,baseline_first,47,1.0,val,43,baseline,image,100,100,0,0,1.0,1.0
OpenGVLab_InternVL3-14B-hf,mscoco,baseline_first,47,1.0,val,43,baseline,text,100,78,22,0,1.0,0.56
OpenGVLab_InternVL3-14B-hf,mscoco,baseline_first,47,1.0,val,43,intervention,image,100,32,2,66,0.34,0.882353
OpenGVLab_InternVL3-14B-hf,mscoco,baseline_first,47,1.0,val,43,intervention,text,100,13,11,76,0.24,0.083333
OpenGVLab_InternVL3-14B-hf,mscoco,baseline_first,47,1.0,val,44,baseline,image,100,100,0,0,1.0,1.0
OpenGVLab_InternVL3-14B-hf,mscoco,baseline_first,47,1.0,val,44,baseline,text,100,79,21,0,1.0,0.58
OpenGVLab_InternVL3-14B-hf,mscoco,baseline_first,47,1.0,val,44,intervention,image,100,32,3,65,0.35,0.828571
OpenGVLab_InternVL3-14B-hf,mscoco,baseline_first,47,1.0,val,44,intervention,text,100,15,9,76,0.24,0.25
OpenGVLab_InternVL3-14B-hf,mscoco,baseline_last,0,0.0,val,42,baseline,image,100,100,0,0,1.0,1.0
OpenGVLab_InternVL3-14B-hf,mscoco,baseline_last,0,0.0,val,42,baseline,text,100,78,22,0,1.0,0.56
OpenGVLab_InternVL3-14B-hf,mscoco,baseline_last,0,0.0,val,42,intervention,image,100,28,65,7,0.93,-0.397849
OpenGVLab_InternVL3-14B-hf,mscoco,baseline_last,0,0.0,val,42,intervention,text,100,54,38,8,0.92,0.173913
OpenGVLab_InternVL3-14B-hf,mscoco,baseline_last,0,0.0,val,43,baseline,image,100,100,0,0,1.0,1.0
OpenGVLab_InternVL3-14B-hf,mscoco,baseline_last,0,0.0,val,43,baseline,text,100,78,22,0,1.0,0.56
OpenGVLab_InternVL3-14B-hf,mscoco,baseline_last,0,0.0,val,43,intervention,image,100,17,80,3,0.97,-0.649485
OpenGVLab_InternVL3-14B-hf,mscoco,baseline_last,0,0.0,val,43,intervention,text,100,39,55,6,0.94,-0.170213
OpenGVLab_InternVL3-14B-hf,mscoco,baseline_last,0,0.0,val,44,baseline,image,100,100,0,0,1.0,1.0
OpenGVLab_InternVL3-14B-hf,mscoco,baseline_last,0,0.0,val,44,baseline,text,100,78,22,0,1.0,0.56
OpenGVLab_InternVL3-14B-hf,mscoco,baseline_last,0,0.0,val,44,intervention,image,100,5,94,1,0.99,-0.89899
OpenGVLab_InternVL3-14B-hf,mscoco,baseline_last,0,0.0,val,44,intervention,text,100,68,27,5,0.95,0.431579
OpenGVLab_InternVL3-14B-hf,mscoco,baseline_last,6,0.125,val,42,baseline,image,100,100,0,0,1.0,1.0
OpenGVLab_InternVL3-14B-hf,mscoco,baseline_last,6,0.125,val,42,baseline,text,100,78,22,0,1.0,0.56
OpenGVLab_InternVL3-14B-hf,mscoco,baseline_last,6,0.125,val,42,intervention,image,100,41,58,1,0.99,-0.171717
OpenGVLab_InternVL3-14B-hf,mscoco,baseline_last,6,0.125,val,42,intervention,text,100,29,67,4,0.96,-0.395833
OpenGVLab_InternVL3-14B-hf,mscoco,baseline_last,6,0.125,val,43,baseline,image,100,100,0,0,1.0,1.0
OpenGVLab_InternVL3-14B-hf,mscoco,baseline_last,6,0.125,val,43,baseline,text,100,78,22,0,1.0,0.56
OpenGVLab_InternVL3-14B-hf,mscoco,baseline_last,6,0.125,val,43,intervention,image,100,36,62,2,0.98,-0.265306
OpenGVLab_InternVL3-14B-hf,mscoco,baseline_last,6,0.125,val,43,intervention,text,100,19,81,0,1.0,-0.62
OpenGVLab_InternVL3-14B-hf,mscoco,baseline_last,6,0.125,val,44,baseline,image,100,100,0,0,1.0,1.0
OpenGVLab_InternVL3-14B-hf,mscoco,baseline_last,6,0.125,val,44,baseline,text,100,78,22,0,1.0,0.56
OpenGVLab_InternVL3-14B-hf,mscoco,baseline_last,6,0.125,val,44,intervention,image,100,6,91,3,0.97,-0.876289
OpenGVLab_InternVL3-14B-hf,mscoco,baseline_last,6,0.125,val,44,intervention,text,100,22,77,1,0.99,-0.555556
OpenGVLab_InternVL3-14B-hf,mscoco,baseline_last,12,0.25,val,42,baseline,image,100,100,0,0,1.0,1.0
OpenGVLab_InternVL3-14B-hf,mscoco,baseline_last,12,0.25,val,42,baseline,text,100,79,21,0,1.0,0.58
OpenGVLab_InternVL3-14B-hf,mscoco,baseline_last,12,0.25,val,42,intervention,image,100,7,93,0,1.0,-0.86
OpenGVLab_InternVL3-14B-hf,mscoco,baseline_last,12,0.25,val,42,intervention,text,100,82,15,3,0.97,0.690722
OpenGVLab_InternVL3-14B-hf,mscoco,baseline_last,12,0.25,val,43,baseline,image,100,100,0,0,1.0,1.0
OpenGVLab_InternVL3-14B-hf,mscoco,baseline_last,12,0.25,val,43,baseline,text,100,78,22,0,1.0,0.56
OpenGVLab_InternVL3-14B-hf,mscoco,baseline_last,12,0.25,val,43,intervention,image,100,7,92,1,0.99,-0.858586
OpenGVLab_InternVL3-14B-hf,mscoco,baseline_last,12,0.25,val,43,intervention,text,100,85,13,2,0.98,0.734694
OpenGVLab_InternVL3-14B-hf,mscoco,baseline_last,12,0.25,val,44,baseline,image,100,100,0,0,1.0,1.0
OpenGVLab_InternVL3-14B-hf,mscoco,baseline_last,12,0.25,val,44,baseline,text,100,78,22,0,1.0,0.56
OpenGVLab_InternVL3-14B-hf,mscoco,baseline_last,12,0.25,val,44,intervention,image,100,6,94,0,1.0,-0.88
OpenGVLab_InternVL3-14B-hf,mscoco,baseline_last,12,0.25,val,44,intervention,text,100,85,15,0,1.0,0.7
OpenGVLab_InternVL3-14B-hf,mscoco,baseline_last,18,0.375,val,42,baseline,image,100,100,0,0,1.0,1.0
OpenGVLab_InternVL3-14B-hf,mscoco,baseline_last,18,0.375,val,42,baseline,text,100,78,22,0,1.0,0.56
OpenGVLab_InternVL3-14B-hf,mscoco,baseline_last,18,0.375,val,42,intervention,image,100,63,34,3,0.97,0.298969
OpenGVLab_InternVL3-14B-hf,mscoco,baseline_last,18,0.375,val,42,intervention,text,100,17,79,4,0.96,-0.645833
OpenGVLab_InternVL3-14B-hf,mscoco,baseline_last,18,0.375,val,43,baseline,image,100,100,0,0,1.0,1.0
OpenGVLab_InternVL3-14B-hf,mscoco,baseline_last,18,0.375,val,43,baseline,text,100,78,22,0,1.0,0.56
OpenGVLab_InternVL3-14B-hf,mscoco,baseline_last,18,0.375,val,43,intervention,image,100,61,33,6,0.94,0.297872
OpenGVLab_InternVL3-14B-hf,mscoco,baseline_last,18,0.375,val,43,intervention,text,100,17,75,8,0.92,-0.630435
OpenGVLab_InternVL3-14B-hf,mscoco,baseline_last,18,0.375,val,44,baseline,image,100,100,0,0,1.0,1.0
OpenGVLab_InternVL3-14B-hf,mscoco,baseline_last,18,0.375,val,44,baseline,text,100,79,21,0,1.0,0.58
OpenGVLab_InternVL3-14B-hf,mscoco,baseline_last,18,0.375,val,44,intervention,image,100,61,33,6,0.94,0.297872
OpenGVLab_InternVL3-14B-hf,mscoco,baseline_last,18,0.375,val,44,intervention,text,100,13,81,6,0.94,-0.723404
OpenGVLab_InternVL3-14B-hf,mscoco,baseline_last,24,0.5,val,42,baseline,image,100,100,0,0,1.0,1.0
OpenGVLab_InternVL3-14B-hf,mscoco,baseline_last,24,0.5,val,42,baseline,text,100,78,22,0,1.0,0.56
OpenGVLab_InternVL3-14B-hf,mscoco,baseline_last,24,0.5,val,42,intervention,image,100,56,40,4,0.96,0.166667
OpenGVLab_InternVL3-14B-hf,mscoco,baseline_last,24,0.5,val,42,intervention,text,100,0,100,0,1.0,-1.0
OpenGVLab_InternVL3-14B-hf,mscoco,baseline_last,24,0.5,val,43,baseline,image,100,100,0,0,1.0,1.0
OpenGVLab_InternVL3-14B-hf,mscoco,baseline_last,24,0.5,val,43,baseline,text,100,78,22,0,1.0,0.56
OpenGVLab_InternVL3-14B-hf,mscoco,baseline_last,24,0.5,val,43,intervention,image,100,55,42,3,0.97,0.134021
OpenGVLab_InternVL3-14B-hf,mscoco,baseline_last,24,0.5,val,43,intervention,text,100,0,99,1,0.99,-1.0
OpenGVLab_InternVL3-14B-hf,mscoco,baseline_last,24,0.5,val,44,baseline,image,100,100,0,0,1.0,1.0
OpenGVLab_InternVL3-14B-hf,mscoco,baseline_last,24,0.5,val,44,baseline,text,100,79,21,0,1.0,0.58
OpenGVLab_InternVL3-14B-hf,mscoco,baseline_last,24,0.5,val,44,intervention,image,100,54,42,4,0.96,0.125
OpenGVLab_InternVL3-14B-hf,mscoco,baseline_last,24,0.5,val,44,intervention,text,100,0,100,0,1.0,-1.0
OpenGVLab_InternVL3-14B-hf,mscoco,baseline_last,29,0.625,val,42,baseline,image,100,100,0,0,1.0,1.0
OpenGVLab_InternVL3-14B-hf,mscoco,baseline_last,29,0.625,val,42,baseline,text,100,78,22,0,1.0,0.56
OpenGVLab_InternVL3-14B-hf,mscoco,baseline_last,29,0.625,val,42,intervention,image,100,20,75,5,0.95,-0.578947
OpenGVLab_InternVL3-14B-hf,mscoco,baseline_last,29,0.625,val,42,intervention,text,100,30,70,0,1.0,-0.4
OpenGVLab_InternVL3-14B-hf,mscoco,baseline_last,29,0.625,val,43,baseline,image,100,100,0,0,1.0,1.0
OpenGVLab_InternVL3-14B-hf,mscoco,baseline_last,29,0.625,val,43,baseline,text,100,78,22,0,1.0,0.56
OpenGVLab_InternVL3-14B-hf,mscoco,baseline_last,29,0.625,val,43,intervention,image,100,23,72,5,0.95,-0.515789
OpenGVLab_InternVL3-14B-hf,mscoco,baseline_last,29,0.625,val,43,intervention,text,100,27,73,0,1.0,-0.46
OpenGVLab_InternVL3-14B-hf,mscoco,baseline_last,29,0.625,val,44,baseline,image,100,100,0,0,1.0,1.0
OpenGVLab_InternVL3-14B-hf,mscoco,baseline_last,29,0.625,val,44,baseline,text,100,78,22,0,1.0,0.56
OpenGVLab_InternVL3-14B-hf,mscoco,baseline_last,29,0.625,val,44,intervention,image,100,26,70,4,0.96,-0.458333
OpenGVLab_InternVL3-14B-hf,mscoco,baseline_last,29,0.625,val,44,intervention,text,100,28,71,1,0.99,-0.434343
OpenGVLab_InternVL3-14B-hf,mscoco,baseline_last,35,0.75,val,42,baseline,image,100,100,0,0,1.0,1.0
OpenGVLab_InternVL3-14B-hf,mscoco,baseline_last,35,0.75,val,42,baseline,text,100,78,22,0,1.0,0.56
OpenGVLab_InternVL3-14B-hf,mscoco,baseline_last,35,0.75,val,42,intervention,image,100,96,2,2,0.98,0.959184
OpenGVLab_InternVL3-14B-hf,mscoco,baseline_last,35,0.75,val,42,intervention,text,100,77,20,3,0.97,0.587629
OpenGVLab_InternVL3-14B-hf,mscoco,baseline_last,35,0.75,val,43,baseline,image,100,100,0,0,1.0,1.0
OpenGVLab_InternVL3-14B-hf,mscoco,baseline_last,35,0.75,val,43,baseline,text,100,78,22,0,1.0,0.56
OpenGVLab_InternVL3-14B-hf,mscoco,baseline_last,35,0.75,val,43,intervention,image,100,93,4,3,0.97,0.917526
OpenGVLab_InternVL3-14B-hf,mscoco,baseline_last,35,0.75,val,43,intervention,text,100,74,21,5,0.95,0.557895
OpenGVLab_InternVL3-14B-hf,mscoco,baseline_last,35,0.75,val,44,baseline,image,100,100,0,0,1.0,1.0
OpenGVLab_InternVL3-14B-hf,mscoco,baseline_last,35,0.75,val,44,baseline,text,100,78,22,0,1.0,0.56
OpenGVLab_InternVL3-14B-hf,mscoco,baseline_last,35,0.75,val,44,intervention,image,100,95,2,3,0.97,0.958763
OpenGVLab_InternVL3-14B-hf,mscoco,baseline_last,35,0.75,val,44,intervention,text,100,76,20,4,0.96,0.583333
OpenGVLab_InternVL3-14B-hf,mscoco,baseline_last,41,0.875,val,42,baseline,image,100,100,0,0,1.0,1.0
OpenGVLab_InternVL3-14B-hf,mscoco,baseline_last,41,0.875,val,42,baseline,text,100,78,22,0,1.0,0.56
OpenGVLab_InternVL3-14B-hf,mscoco,baseline_last,41,0.875,val,42,intervention,image,100,89,10,1,0.99,0.79798
OpenGVLab_InternVL3-14B-hf,mscoco,baseline_last,41,0.875,val,42,intervention,text,100,51,35,14,0.86,0.186047
OpenGVLab_InternVL3-14B-hf,mscoco,baseline_last,41,0.875,val,43,baseline,image,100,100,0,0,1.0,1.0
OpenGVLab_InternVL3-14B-hf,mscoco,baseline_last,41,0.875,val,43,baseline,text,100,78,22,0,1.0,0.56
OpenGVLab_InternVL3-14B-hf,mscoco,baseline_last,41,0.875,val,43,intervention,image,100,90,10,0,1.0,0.8
OpenGVLab_InternVL3-14B-hf,mscoco,baseline_last,41,0.875,val,43,intervention,text,100,52,32,16,0.84,0.238095
OpenGVLab_InternVL3-14B-hf,mscoco,baseline_last,41,0.875,val,44,baseline,image,100,100,0,0,1.0,1.0
OpenGVLab_InternVL3-14B-hf,mscoco,baseline_last,41,0.875,val,44,baseline,text,100,78,22,0,1.0,0.56
OpenGVLab_InternVL3-14B-hf,mscoco,baseline_last,41,0.875,val,44,intervention,image,100,89,11,0,1.0,0.78
OpenGVLab_InternVL3-14B-hf,mscoco,baseline_last,41,0.875,val,44,intervention,text,100,52,33,15,0.85,0.223529
OpenGVLab_InternVL3-14B-hf,mscoco,baseline_last,47,1.0,val,42,baseline,image,100,100,0,0,1.0,1.0
OpenGVLab_InternVL3-14B-hf,mscoco,baseline_last,47,1.0,val,42,baseline,text,100,78,22,0,1.0,0.56
OpenGVLab_InternVL3-14B-hf,mscoco,baseline_last,47,1.0,val,42,intervention,image,100,86,4,10,0.9,0.911111
OpenGVLab_InternVL3-14B-hf,mscoco,baseline_last,47,1.0,val,42,intervention,text,100,32,50,18,0.82,-0.219512
OpenGVLab_InternVL3-14B-hf,mscoco,baseline_last,47,1.0,val,43,baseline,image,100,100,0,0,1.0,1.0
OpenGVLab_InternVL3-14B-hf,mscoco,baseline_last,47,1.0,val,43,baseline,text,100,79,21,0,1.0,0.58
OpenGVLab_InternVL3-14B-hf,mscoco,baseline_last,47,1.0,val,43,intervention,image,100,84,5,11,0.89,0.88764
OpenGVLab_InternVL3-14B-hf,mscoco,baseline_last,47,1.0,val,43,intervention,text,100,29,51,20,0.8,-0.275
OpenGVLab_InternVL3-14B-hf,mscoco,baseline_last,47,1.0,val,44,baseline,image,100,100,0,0,1.0,1.0
OpenGVLab_InternVL3-14B-hf,mscoco,baseline_last,47,1.0,val,44,baseline,text,100,79,21,0,1.0,0.58
OpenGVLab_InternVL3-14B-hf,mscoco,baseline_last,47,1.0,val,44,intervention,image,100,83,5,12,0.88,0.886364
OpenGVLab_InternVL3-14B-hf,mscoco,baseline_last,47,1.0,val,44,intervention,text,100,30,50,20,0.8,-0.25
OpenGVLab_InternVL3-14B-hf,mscoco,content,0,0.0,val,42,baseline,image,100,100,0,0,1.0,1.0
OpenGVLab_InternVL3-14B-hf,mscoco,content,0,0.0,val,42,baseline,text,100,80,20,0,1.0,0.6
OpenGVLab_InternVL3-14B-hf,mscoco,content,0,0.0,val,42,intervention,image,100,11,73,16,0.84,-0.738095
OpenGVLab_InternVL3-14B-hf,mscoco,content,0,0.0,val,42,intervention,text,100,0,100,0,1.0,-1.0
OpenGVLab_InternVL3-14B-hf,mscoco,content,0,0.0,val,43,baseline,image,100,100,0,0,1.0,1.0
OpenGVLab_InternVL3-14B-hf,mscoco,content,0,0.0,val,43,baseline,text,100,79,21,0,1.0,0.58
OpenGVLab_InternVL3-14B-hf,mscoco,content,0,0.0,val,43,intervention,image,100,46,2,52,0.48,0.916667
OpenGVLab_InternVL3-14B-hf,mscoco,content,0,0.0,val,43,intervention,text,100,0,100,0,1.0,-1.0
OpenGVLab_InternVL3-14B-hf,mscoco,content,0,0.0,val,44,baseline,image,100,100,0,0,1.0,1.0
OpenGVLab_InternVL3-14B-hf,mscoco,content,0,0.0,val,44,baseline,text,100,80,20,0,1.0,0.6
OpenGVLab_InternVL3-14B-hf,mscoco,content,0,0.0,val,44,intervention,image,100,57,0,43,0.57,1.0
OpenGVLab_InternVL3-14B-hf,mscoco,content,0,0.0,val,44,intervention,text,100,0,98,2,0.98,-1.0
OpenGVLab_InternVL3-14B-hf,mscoco,content,6,0.125,val,42,baseline,image,100,100,0,0,1.0,1.0
OpenGVLab_InternVL3-14B-hf,mscoco,content,6,0.125,val,42,baseline,text,100,80,20,0,1.0,0.6
OpenGVLab_InternVL3-14B-hf,mscoco,content,6,0.125,val,42,intervention,image,100,55,40,5,0.95,0.157895
OpenGVLab_InternVL3-14B-hf,mscoco,content,6,0.125,val,42,intervention,text,100,13,85,2,0.98,-0.734694
OpenGVLab_InternVL3-14B-hf,mscoco,content,6,0.125,val,43,baseline,image,100,100,0,0,1.0,1.0
OpenGVLab_InternVL3-14B-hf,mscoco,content,6,0.125,val,43,baseline,text,100,79,20,1,0.99,0.59596
OpenGVLab_InternVL3-14B-hf,mscoco,content,6,0.125,val,43,intervention,image,100,42,24,34,0.66,0.272727
OpenGVLab_InternVL3-14B-hf,mscoco,content,6,0.125,val,43,intervention,text,100,1,79,20,0.8,-0.975
OpenGVLab_InternVL3-14B-hf,mscoco,content,6,0.125,val,44,baseline,image,100,100,0,0,1.0,1.0
OpenGVLab_InternVL3-14B-hf,mscoco,content,6,0.125,val,44,baseline,text,100,80,20,0,1.0,0.6
OpenGVLab_InternVL3-14B-hf,mscoco,content,6,0.125,val,44,intervention,image,100,55,43,2,0.98,0.122449
OpenGVLab_InternVL3-14B-hf,mscoco,content,6,0.125,val,44,intervention,text,100,2,96,2,0.98,-0.959184
OpenGVLab_InternVL3-14B-hf,mscoco,content,12,0.25,val,42,baseline,image,100,100,0,0,1.0,1.0
OpenGVLab_InternVL3-14B-hf,mscoco,content,12,0.25,val,42,baseline,text,100,80,20,0,1.0,0.6
OpenGVLab_InternVL3-14B-hf,mscoco,content,12,0.25,val,42,intervention,image,100,50,48,2,0.98,0.020408
OpenGVLab_InternVL3-14B-hf,mscoco,content,12,0.25,val,42,intervention,text,100,1,98,1,0.99,-0.979798
OpenGVLab_InternVL3-14B-hf,mscoco,content,12,0.25,val,43,baseline,image,100,100,0,0,1.0,1.0
OpenGVLab_InternVL3-14B-hf,mscoco,content,12,0.25,val,43,baseline,text,100,79,21,0,1.0,0.58
OpenGVLab_InternVL3-14B-hf,mscoco,content,12,0.25,val,43,intervention,image,100,11,84,5,0.95,-0.768421
OpenGVLab_InternVL3-14B-hf,mscoco,content,12,0.25,val,43,intervention,text,100,4,94,2,0.98,-0.918367
OpenGVLab_InternVL3-14B-hf,mscoco,content,12,0.25,val,44,baseline,image,100,100,0,0,1.0,1.0
OpenGVLab_InternVL3-14B-hf,mscoco,content,12,0.25,val,44,baseline,text,100,80,20,0,1.0,0.6
OpenGVLab_InternVL3-14B-hf,mscoco,content,12,0.25,val,44,intervention,image,100,11,87,2,0.98,-0.77551
OpenGVLab_InternVL3-14B-hf,mscoco,content,12,0.25,val,44,intervention,text,100,1,99,0,1.0,-0.98
OpenGVLab_InternVL3-14B-hf,mscoco,content,18,0.375,val,42,baseline,image,100,100,0,0,1.0,1.0
OpenGVLab_InternVL3-14B-hf,mscoco,content,18,0.375,val,42,baseline,text,100,79,21,0,1.0,0.58
OpenGVLab_InternVL3-14B-hf,mscoco,content,18,0.375,val,42,intervention,image,100,10,86,4,0.96,-0.791667
OpenGVLab_InternVL3-14B-hf,mscoco,content,18,0.375,val,42,intervention,text,100,2,98,0,1.0,-0.96
OpenGVLab_InternVL3-14B-hf,mscoco,content,18,0.375,val,43,baseline,image,100,100,0,0,1.0,1.0
OpenGVLab_InternVL3-14B-hf,mscoco,content,18,0.375,val,43,baseline,text,100,79,21,0,1.0,0.58
OpenGVLab_InternVL3-14B-hf,mscoco,content,18,0.375,val,43,intervention,image,100,8,91,1,0.99,-0.838384
OpenGVLab_InternVL3-14B-hf,mscoco,content,18,0.375,val,43,intervention,text,100,0,100,0,1.0,-1.0
OpenGVLab_InternVL3-14B-hf,mscoco,content,18,0.375,val,44,baseline,image,100,100,0,0,1.0,1.0
OpenGVLab_InternVL3-14B-hf,mscoco,content,18,0.375,val,44,baseline,text,100,79,21,0,1.0,0.58
OpenGVLab_InternVL3-14B-hf,mscoco,content,18,0.375,val,44,intervention,image,100,6,93,1,0.99,-0.878788
OpenGVLab_InternVL3-14B-hf,mscoco,content,18,0.375,val,44,intervention,text,100,5,95,0,1.0,-0.9
OpenGVLab_InternVL3-14B-hf,mscoco,content,24,0.5,val,42,baseline,image,100,100,0,0,1.0,1.0
OpenGVLab_InternVL3-14B-hf,mscoco,content,24,0.5,val,42,baseline,text,100,79,21,0,1.0,0.58
OpenGVLab_InternVL3-14B-hf,mscoco,content,24,0.5,val,42,intervention,image,100,35,58,7,0.93,-0.247312
OpenGVLab_InternVL3-14B-hf,mscoco,content,24,0.5,val,42,intervention,text,100,6,94,0,1.0,-0.88
OpenGVLab_InternVL3-14B-hf,mscoco,content,24,0.5,val,43,baseline,image,100,100,0,0,1.0,1.0
OpenGVLab_InternVL3-14B-hf,mscoco,content,24,0.5,val,43,baseline,text,100,79,21,0,1.0,0.58
OpenGVLab_InternVL3-14B-hf,mscoco,content,24,0.5,val,43,intervention,image,100,30,64,6,0.94,-0.361702
OpenGVLab_InternVL3-14B-hf,mscoco,content,24,0.5,val,43,intervention,text,100,3,97,0,1.0,-0.94
OpenGVLab_InternVL3-14B-hf,mscoco,content,24,0.5,val,44,baseline,image,100,100,0,0,1.0,1.0
OpenGVLab_InternVL3-14B-hf,mscoco,content,24,0.5,val,44,baseline,text,100,79,21,0,1.0,0.58
OpenGVLab_InternVL3-14B-hf,mscoco,content,24,0.5,val,44,intervention,image,100,34,60,6,0.94,-0.276596
OpenGVLab_InternVL3-14B-hf,mscoco,content,24,0.5,val,44,intervention,text,100,4,95,1,0.99,-0.919192
OpenGVLab_InternVL3-14B-hf,mscoco,content,29,0.625,val,42,baseline,image,100,100,0,0,1.0,1.0
OpenGVLab_InternVL3-14B-hf,mscoco,content,29,0.625,val,42,baseline,text,100,80,20,0,1.0,0.6
OpenGVLab_InternVL3-14B-hf,mscoco,content,29,0.625,val,42,intervention,image,100,37,62,1,0.99,-0.252525
OpenGVLab_InternVL3-14B-hf,mscoco,content,29,0.625,val,42,intervention,text,100,18,80,2,0.98,-0.632653
OpenGVLab_InternVL3-14B-hf,mscoco,content,29,0.625,val,43,baseline,image,100,100,0,0,1.0,1.0
OpenGVLab_InternVL3-14B-hf,mscoco,content,29,0.625,val,43,baseline,text,100,81,19,0,1.0,0.62
OpenGVLab_InternVL3-14B-hf,mscoco,content,29,0.625,val,43,intervention,image,100,36,62,2,0.98,-0.265306
OpenGVLab_InternVL3-14B-hf,mscoco,content,29,0.625,val,43,intervention,text,100,17,82,1,0.99,-0.656566
OpenGVLab_InternVL3-14B-hf,mscoco,content,29,0.625,val,44,baseline,image,100,100,0,0,1.0,1.0
OpenGVLab_InternVL3-14B-hf,mscoco,content,29,0.625,val,44,baseline,text,100,79,21,0,1.0,0.58
OpenGVLab_InternVL3-14B-hf,mscoco,content,29,0.625,val,44,intervention,image,100,37,61,2,0.98,-0.244898
OpenGVLab_InternVL3-14B-hf,mscoco,content,29,0.625,val,44,intervention,text,100,17,81,2,0.98,-0.653061
OpenGVLab_InternVL3-14B-hf,mscoco,content,35,0.75,val,42,baseline,image,100,100,0,0,1.0,1.0
OpenGVLab_InternVL3-14B-hf,mscoco,content,35,0.75,val,42,baseline,text,100,79,21,0,1.0,0.58
OpenGVLab_InternVL3-14B-hf,mscoco,content,35,0.75,val,42,intervention,image,100,88,10,2,0.98,0.795918
OpenGVLab_InternVL3-14B-hf,mscoco,content,35,0.75,val,42,intervention,text,100,33,61,6,0.94,-0.297872
OpenGVLab_InternVL3-14B-hf,mscoco,content,35,0.75,val,43,baseline,image,100,100,0,0,1.0,1.0
OpenGVLab_InternVL3-14B-hf,mscoco,content,35,0.75,val,43,baseline,text,100,79,21,0,1.0,0.58
OpenGVLab_InternVL3-14B-hf,mscoco,content,35,0.75,val,43,intervention,image,100,85,12,3,0.97,0.752577
OpenGVLab_InternVL3-14B-hf,mscoco,content,35,0.75,val,43,intervention,text,100,35,58,7,0.93,-0.247312
OpenGVLab_InternVL3-14B-hf,mscoco,content,35,0.75,val,44,baseline,image,100,100,0,0,1.0,1.0
OpenGVLab_InternVL3-14B-hf,mscoco,content,35,0.75,val,44,baseline,text,100,79,21,0,1.0,0.58
OpenGVLab_InternVL3-14B-hf,mscoco,content,35,0.75,val,44,intervention,image,100,84,13,3,0.97,0.731959
OpenGVLab_InternVL3-14B-hf,mscoco,content,35,0.75,val,44,intervention,text,100,33,60,7,0.93,-0.290323
OpenGVLab_InternVL3-14B-hf,mscoco,content,41,0.875,val,42,baseline,image,100,100,0,0,1.0,1.0
OpenGVLab_InternVL3-14B-hf,mscoco,content,41,0.875,val,42,baseline,text,100,80,20,0,1.0,0.6
OpenGVLab_InternVL3-14B-hf,mscoco,content,41,0.875,val,42,intervention,image,100,75,22,3,0.97,0.546392
OpenGVLab_InternVL3-14B-hf,mscoco,content,41,0.875,val,42,intervention,text,100,80,14,6,0.94,0.702128
OpenGVLab_InternVL3-14B-hf,mscoco,content,41,0.875,val,43,baseline,image,100,100,0,0,1.0,1.0
OpenGVLab_InternVL3-14B-hf,mscoco,content,41,0.875,val,43,baseline,text,100,80,20,0,1.0,0.6
OpenGVLab_InternVL3-14B-hf,mscoco,content,41,0.875,val,43,intervention,image,100,74,25,1,0.99,0.494949
OpenGVLab_InternVL3-14B-hf,mscoco,content,41,0.875,val,43,intervention,text,100,80,13,7,0.93,0.72043
OpenGVLab_InternVL3-14B-hf,mscoco,content,41,0.875,val,44,baseline,image,100,100,0,0,1.0,1.0
OpenGVLab_InternVL3-14B-hf,mscoco,content,41,0.875,val,44,baseline,text,100,80,20,0,1.0,0.6
OpenGVLab_InternVL3-14B-hf,mscoco,content,41,0.875,val,44,intervention,image,100,73,24,3,0.97,0.505155
OpenGVLab_InternVL3-14B-hf,mscoco,content,41,0.875,val,44,intervention,text,100,80,15,5,0.95,0.684211
OpenGVLab_InternVL3-14B-hf,mscoco,content,47,1.0,val,42,baseline,image,100,100,0,0,1.0,1.0
OpenGVLab_InternVL3-14B-hf,mscoco,content,47,1.0,val,42,baseline,text,100,79,21,0,1.0,0.58
OpenGVLab_InternVL3-14B-hf,mscoco,content,47,1.0,val,42,intervention,image,100,85,9,6,0.94,0.808511
OpenGVLab_InternVL3-14B-hf,mscoco,content,47,1.0,val,42,intervention,text,100,33,45,22,0.78,-0.153846
OpenGVLab_InternVL3-14B-hf,mscoco,content,47,1.0,val,43,baseline,image,100,100,0,0,1.0,1.0
OpenGVLab_InternVL3-14B-hf,mscoco,content,47,1.0,val,43,baseline,text,100,79,21,0,1.0,0.58
OpenGVLab_InternVL3-14B-hf,mscoco,content,47,1.0,val,43,intervention,image,100,80,9,11,0.89,0.797753
OpenGVLab_InternVL3-14B-hf,mscoco,content,47,1.0,val,43,intervention,text,100,33,45,22,0.78,-0.153846
OpenGVLab_InternVL3-14B-hf,mscoco,content,47,1.0,val,44,baseline,image,100,100,0,0,1.0,1.0
OpenGVLab_InternVL3-14B-hf,mscoco,content,47,1.0,val,44,baseline,text,100,78,22,0,1.0,0.56
OpenGVLab_InternVL3-14B-hf,mscoco,content,47,1.0,val,44,intervention,image,100,83,9,8,0.92,0.804348
OpenGVLab_InternVL3-14B-hf,mscoco,content,47,1.0,val,44,intervention,text,100,35,48,17,0.83,-0.156627
OpenGVLab_InternVL3-14B-hf,mscoco,marker,0,0.0,val,42,baseline,image,100,100,0,0,1.0,1.0
OpenGVLab_InternVL3-14B-hf,mscoco,marker,0,0.0,val,42,baseline,text,100,80,20,0,1.0,0.6
OpenGVLab_InternVL3-14B-hf,mscoco,marker,0,0.0,val,42,intervention,image,100,0,99,1,0.99,-1.0
OpenGVLab_InternVL3-14B-hf,mscoco,marker,0,0.0,val,42,intervention,text,100,1,98,1,0.99,-0.979798
OpenGVLab_InternVL3-14B-hf,mscoco,marker,0,0.0,val,43,baseline,image,100,100,0,0,1.0,1.0
OpenGVLab_InternVL3-14B-hf,mscoco,marker,0,0.0,val,43,baseline,text,100,80,20,0,1.0,0.6
OpenGVLab_InternVL3-14B-hf,mscoco,marker,0,0.0,val,43,intervention,image,100,3,93,4,0.96,-0.9375
OpenGVLab_InternVL3-14B-hf,mscoco,marker,0,0.0,val,43,intervention,text,100,0,100,0,1.0,-1.0
OpenGVLab_InternVL3-14B-hf,mscoco,marker,0,0.0,val,44,baseline,image,100,100,0,0,1.0,1.0
OpenGVLab_InternVL3-14B-hf,mscoco,marker,0,0.0,val,44,baseline,text,100,79,21,0,1.0,0.58
OpenGVLab_InternVL3-14B-hf,mscoco,marker,0,0.0,val,44,intervention,image,100,10,85,5,0.95,-0.789474
OpenGVLab_InternVL3-14B-hf,mscoco,marker,0,0.0,val,44,intervention,text,100,1,97,2,0.98,-0.979592
OpenGVLab_InternVL3-14B-hf,mscoco,marker,6,0.125,val,42,baseline,image,100,100,0,0,1.0,1.0
OpenGVLab_InternVL3-14B-hf,mscoco,marker,6,0.125,val,42,baseline,text,100,79,21,0,1.0,0.58
OpenGVLab_InternVL3-14B-hf,mscoco,marker,6,0.125,val,42,intervention,image,100,18,81,1,0.99,-0.636364
OpenGVLab_InternVL3-14B-hf,mscoco,marker,6,0.125,val,42,intervention,text,100,8,90,2,0.98,-0.836735
OpenGVLab_InternVL3-14B-hf,mscoco,marker,6,0.125,val,43,baseline,image,100,100,0,0,1.0,1.0
OpenGVLab_InternVL3-14B-hf,mscoco,marker,6,0.125,val,43,baseline,text,100,80,20,0,1.0,0.6
OpenGVLab_InternVL3-14B-hf,mscoco,marker,6,0.125,val,43,intervention,image,100,27,71,2,0.98,-0.44898
OpenGVLab_InternVL3-14B-hf,mscoco,marker,6,0.125,val,43,intervention,text,100,4,89,7,0.93,-0.913978
OpenGVLab_InternVL3-14B-hf,mscoco,marker,6,0.125,val,44,baseline,image,100,100,0,0,1.0,1.0
OpenGVLab_InternVL3-14B-hf,mscoco,marker,6,0.125,val,44,baseline,text,100,78,22,0,1.0,0.56
OpenGVLab_InternVL3-14B-hf,mscoco,marker,6,0.125,val,44,intervention,image,100,45,54,1,0.99,-0.090909
OpenGVLab_InternVL3-14B-hf,mscoco,marker,6,0.125,val,44,intervention,text,100,3,94,3,0.97,-0.938144
OpenGVLab_InternVL3-14B-hf,mscoco,marker,12,0.25,val,42,baseline,image,100,100,0,0,1.0,1.0
OpenGVLab_InternVL3-14B-hf,mscoco,marker,12,0.25,val,42,baseline,text,100,79,21,0,1.0,0.58
OpenGVLab_InternVL3-14B-hf,mscoco,marker,12,0.25,val,42,intervention,image,100,30,68,2,0.98,-0.387755
OpenGVLab_InternVL3-14B-hf,mscoco,marker,12,0.25,val,42,intervention,text,100,1,99,0,1.0,-0.98
OpenGVLab_InternVL3-14B-hf,mscoco,marker,12,0.25,val,43,baseline,image,100,100,0,0,1.0,1.0
OpenGVLab_InternVL3-14B-hf,mscoco,marker,12,0.25,val,43,baseline,text,100,80,20,0,1.0,0.6
OpenGVLab_InternVL3-14B-hf,mscoco,marker,12,0.25,val,43,intervention,image,100,24,76,0,1.0,-0.52
OpenGVLab_InternVL3-14B-hf,mscoco,marker,12,0.25,val,43,intervention,text,100,7,92,1,0.99,-0.858586
OpenGVLab_InternVL3-14B-hf,mscoco,marker,12,0.25,val,44,baseline,image,100,100,0,0,1.0,1.0
OpenGVLab_InternVL3-14B-hf,mscoco,marker,12,0.25,val,44,baseline,text,100,80,20,0,1.0,0.6
OpenGVLab_InternVL3-14B-hf,mscoco,marker,12,0.25,val,44,intervention,image,100,22,77,1,0.99,-0.555556
OpenGVLab_InternVL3-14B-hf,mscoco,marker,12,0.25,val,44,intervention,text,100,5,94,1,0.99,-0.89899
OpenGVLab_InternVL3-14B-hf,mscoco,marker,18,0.375,val,42,baseline,image,100,100,0,0,1.0,1.0
OpenGVLab_InternVL3-14B-hf,mscoco,marker,18,0.375,val,42,baseline,text,100,79,21,0,1.0,0.58
OpenGVLab_InternVL3-14B-hf,mscoco,marker,18,0.375,val,42,intervention,image,100,2,96,2,0.98,-0.959184
OpenGVLab_InternVL3-14B-hf,mscoco,marker,18,0.375,val,42,intervention,text,100,2,95,3,0.97,-0.958763
OpenGVLab_InternVL3-14B-hf,mscoco,marker,18,0.375,val,43,baseline,image,100,100,0,0,1.0,1.0
OpenGVLab_InternVL3-14B-hf,mscoco,marker,18,0.375,val,43,baseline,text,100,80,20,0,1.0,0.6
OpenGVLab_InternVL3-14B-hf,mscoco,marker,18,0.375,val,43,intervention,image,100,4,95,1,0.99,-0.919192
OpenGVLab_InternVL3-14B-hf,mscoco,marker,18,0.375,val,43,intervention,text,100,1,97,2,0.98,-0.979592
OpenGVLab_InternVL3-14B-hf,mscoco,marker,18,0.375,val,44,baseline,image,100,100,0,0,1.0,1.0
OpenGVLab_InternVL3-14B-hf,mscoco,marker,18,0.375,val,44,baseline,text,100,79,21,0,1.0,0.58
OpenGVLab_InternVL3-14B-hf,mscoco,marker,18,0.375,val,44,intervention,image,100,3,96,1,0.99,-0.939394
OpenGVLab_InternVL3-14B-hf,mscoco,marker,18,0.375,val,44,intervention,text,100,2,98,0,1.0,-0.96
OpenGVLab_InternVL3-14B-hf,mscoco,marker,24,0.5,val,42,baseline,image,100,100,0,0,1.0,1.0
OpenGVLab_InternVL3-14B-hf,mscoco,marker,24,0.5,val,42,baseline,text,100,80,20,0,1.0,0.6
OpenGVLab_InternVL3-14B-hf,mscoco,marker,24,0.5,val,42,intervention,image,100,17,83,0,1.0,-0.66
OpenGVLab_InternVL3-14B-hf,mscoco,marker,24,0.5,val,42,intervention,text,100,0,100,0,1.0,-1.0
OpenGVLab_InternVL3-14B-hf,mscoco,marker,24,0.5,val,43,baseline,image,100,100,0,0,1.0,1.0
OpenGVLab_InternVL3-14B-hf,mscoco,marker,24,0.5,val,43,baseline,text,100,80,20,0,1.0,0.6
OpenGVLab_InternVL3-14B-hf,mscoco,marker,24,0.5,val,43,intervention,image,100,13,86,1,0.99,-0.737374
OpenGVLab_InternVL3-14B-hf,mscoco,marker,24,0.5,val,43,intervention,text,100,0,100,0,1.0,-1.0
OpenGVLab_InternVL3-14B-hf,mscoco,marker,24,0.5,val,44,baseline,image,100,100,0,0,1.0,1.0
OpenGVLab_InternVL3-14B-hf,mscoco,marker,24,0.5,val,44,baseline,text,100,79,21,0,1.0,0.58
OpenGVLab_InternVL3-14B-hf,mscoco,marker,24,0.5,val,44,intervention,image,100,12,87,1,0.99,-0.757576
OpenGVLab_InternVL3-14B-hf,mscoco,marker,24,0.5,val,44,intervention,text,100,1,99,0,1.0,-0.98
OpenGVLab_InternVL3-14B-hf,mscoco,marker,29,0.625,val,42,baseline,image,100,100,0,0,1.0,1.0
OpenGVLab_InternVL3-14B-hf,mscoco,marker,29,0.625,val,42,baseline,text,100,80,20,0,1.0,0.6
OpenGVLab_InternVL3-14B-hf,mscoco,marker,29,0.625,val,42,intervention,image,100,48,51,1,0.99,-0.030303
OpenGVLab_InternVL3-14B-hf,mscoco,marker,29,0.625,val,42,intervention,text,100,17,74,9,0.91,-0.626374
OpenGVLab_InternVL3-14B-hf,mscoco,marker,29,0.625,val,43,baseline,image,100,100,0,0,1.0,1.0
OpenGVLab_InternVL3-14B-hf,mscoco,marker,29,0.625,val,43,baseline,text,100,79,21,0,1.0,0.58
OpenGVLab_InternVL3-14B-hf,mscoco,marker,29,0.625,val,43,intervention,image,100,49,49,2,0.98,0.0
OpenGVLab_InternVL3-14B-hf,mscoco,marker,29,0.625,val,43,intervention,text,100,17,74,9,0.91,-0.626374
OpenGVLab_InternVL3-14B-hf,mscoco,marker,29,0.625,val,44,baseline,image,100,100,0,0,1.0,1.0
OpenGVLab_InternVL3-14B-hf,mscoco,marker,29,0.625,val,44,baseline,text,100,79,21,0,1.0,0.58
OpenGVLab_InternVL3-14B-hf,mscoco,marker,29,0.625,val,44,intervention,image,100,49,49,2,0.98,0.0
OpenGVLab_InternVL3-14B-hf,mscoco,marker,29,0.625,val,44,intervention,text,100,14,79,7,0.93,-0.698925
OpenGVLab_InternVL3-14B-hf,mscoco,marker,35,0.75,val,42,baseline,image,100,100,0,0,1.0,1.0
OpenGVLab_InternVL3-14B-hf,mscoco,marker,35,0.75,val,42,baseline,text,100,80,20,0,1.0,0.6
OpenGVLab_InternVL3-14B-hf,mscoco,marker,35,0.75,val,42,intervention,image,100,80,15,5,0.95,0.684211
OpenGVLab_InternVL3-14B-hf,mscoco,marker,35,0.75,val,42,intervention,text,100,63,24,13,0.87,0.448276
OpenGVLab_InternVL3-14B-hf,mscoco,marker,35,0.75,val,43,baseline,image,100,100,0,0,1.0,1.0
OpenGVLab_InternVL3-14B-hf,mscoco,marker,35,0.75,val,43,baseline,text,100,79,21,0,1.0,0.58
OpenGVLab_InternVL3-14B-hf,mscoco,marker,35,0.75,val,43,intervention,image,100,80,17,3,0.97,0.649485
OpenGVLab_InternVL3-14B-hf,mscoco,marker,35,0.75,val,43,intervention,text,100,63,28,9,0.91,0.384615
OpenGVLab_InternVL3-14B-hf,mscoco,marker,35,0.75,val,44,baseline,image,100,100,0,0,1.0,1.0
OpenGVLab_InternVL3-14B-hf,mscoco,marker,35,0.75,val,44,baseline,text,100,80,20,0,1.0,0.6
OpenGVLab_InternVL3-14B-hf,mscoco,marker,35,0.75,val,44,intervention,image,100,79,17,4,0.96,0.645833
OpenGVLab_InternVL3-14B-hf,mscoco,marker,35,0.75,val,44,intervention,text,100,64,27,9,0.91,0.406593
OpenGVLab_InternVL3-14B-hf,mscoco,marker,41,0.875,val,42,baseline,image,100,100,0,0,1.0,1.0
OpenGVLab_InternVL3-14B-hf,mscoco,marker,41,0.875,val,42,baseline,text,100,79,21,0,1.0,0.58
OpenGVLab_InternVL3-14B-hf,mscoco,marker,41,0.875,val,42,intervention,image,100,88,11,1,0.99,0.777778
OpenGVLab_InternVL3-14B-hf,mscoco,marker,41,0.875,val,42,intervention,text,100,51,29,20,0.8,0.275
OpenGVLab_InternVL3-14B-hf,mscoco,marker,41,0.875,val,43,baseline,image,100,100,0,0,1.0,1.0
OpenGVLab_InternVL3-14B-hf,mscoco,marker,41,0.875,val,43,baseline,text,100,79,21,0,1.0,0.58
OpenGVLab_InternVL3-14B-hf,mscoco,marker,41,0.875,val,43,intervention,image,100,88,12,0,1.0,0.76
OpenGVLab_InternVL3-14B-hf,mscoco,marker,41,0.875,val,43,intervention,text,100,53,30,17,0.83,0.277108
OpenGVLab_InternVL3-14B-hf,mscoco,marker,41,0.875,val,44,baseline,image,100,100,0,0,1.0,1.0
OpenGVLab_InternVL3-14B-hf,mscoco,marker,41,0.875,val,44,baseline,text,100,79,21,0,1.0,0.58
OpenGVLab_InternVL3-14B-hf,mscoco,marker,41,0.875,val,44,intervention,image,100,89,11,0,1.0,0.78
OpenGVLab_InternVL3-14B-hf,mscoco,marker,41,0.875,val,44,intervention,text,100,52,31,17,0.83,0.253012
OpenGVLab_InternVL3-14B-hf,mscoco,marker,47,1.0,val,42,baseline,image,100,100,0,0,1.0,1.0
OpenGVLab_InternVL3-14B-hf,mscoco,marker,47,1.0,val,42,baseline,text,100,80,20,0,1.0,0.6
OpenGVLab_InternVL3-14B-hf,mscoco,marker,47,1.0,val,42,intervention,image,100,60,4,36,0.64,0.875
OpenGVLab_InternVL3-14B-hf,mscoco,marker,47,1.0,val,42,intervention,text,100,14,22,64,0.36,-0.222222
OpenGVLab_InternVL3-14B-hf,mscoco,marker,47,1.0,val,43,baseline,image,100,100,0,0,1.0,1.0
OpenGVLab_InternVL3-14B-hf,mscoco,marker,47,1.0,val,43,baseline,text,100,79,21,0,1.0,0.58
OpenGVLab_InternVL3-14B-hf,mscoco,marker,47,1.0,val,43,intervention,image,100,58,5,37,0.63,0.84127
OpenGVLab_InternVL3-14B-hf,mscoco,marker,47,1.0,val,43,intervention,text,100,12,23,65,0.35,-0.314286
OpenGVLab_InternVL3-14B-hf,mscoco,marker,47,1.0,val,44,baseline,image,100,100,0,0,1.0,1.0
OpenGVLab_InternVL3-14B-hf,mscoco,marker,47,1.0,val,44,baseline,text,100,78,22,0,1.0,0.56
OpenGVLab_InternVL3-14B-hf,mscoco,marker,47,1.0,val,44,intervention,image,100,63,2,35,0.65,0.938462
OpenGVLab_InternVL3-14B-hf,mscoco,marker,47,1.0,val,44,intervention,text,100,13,24,63,0.37,-0.297297
Qwen_Qwen2.5-VL-32B-Instruct,mscoco,baseline_first,0,0.0,val,42,baseline,image,100,98,2,0,1.0,0.96
Qwen_Qwen2.5-VL-32B-Instruct,mscoco,baseline_first,0,0.0,val,42,baseline,text,100,99,1,0,1.0,0.98
Qwen_Qwen2.5-VL-32B-Instruct,mscoco,baseline_first,0,0.0,val,42,intervention,image,100,77,6,17,0.83,0.855422
Qwen_Qwen2.5-VL-32B-Instruct,mscoco,baseline_first,0,0.0,val,42,intervention,text,100,22,55,23,0.77,-0.428571
Qwen_Qwen2.5-VL-32B-Instruct,mscoco,baseline_first,0,0.0,val,43,baseline,image,100,98,2,0,1.0,0.96
Qwen_Qwen2.5-VL-32B-Instruct,mscoco,baseline_first,0,0.0,val,43,baseline,text,100,99,1,0,1.0,0.98
Qwen_Qwen2.5-VL-32B-Instruct,mscoco,baseline_first,0,0.0,val,43,intervention,image,100,62,5,33,0.67,0.850746
Qwen_Qwen2.5-VL-32B-Instruct,mscoco,baseline_first,0,0.0,val,43,intervention,text,100,25,31,44,0.56,-0.107143
Qwen_Qwen2.5-VL-32B-Instruct,mscoco,baseline_first,0,0.0,val,44,baseline,image,100,98,2,0,1.0,0.96
Qwen_Qwen2.5-VL-32B-Instruct,mscoco,baseline_first,0,0.0,val,44,baseline,text,100,99,1,0,1.0,0.98
Qwen_Qwen2.5-VL-32B-Instruct,mscoco,baseline_first,0,0.0,val,44,intervention,image,100,65,25,10,0.9,0.444444
Qwen_Qwen2.5-VL-32B-Instruct,mscoco,baseline_first,0,0.0,val,44,intervention,text,100,21,57,22,0.78,-0.461538
Qwen_Qwen2.5-VL-32B-Instruct,mscoco,baseline_first,8,0.125,val,42,baseline,image,100,98,2,0,1.0,0.96
Qwen_Qwen2.5-VL-32B-Instruct,mscoco,baseline_first,8,0.125,val,42,baseline,text,100,99,1,0,1.0,0.98
Qwen_Qwen2.5-VL-32B-Instruct,mscoco,baseline_first,8,0.125,val,42,intervention,image,100,23,76,1,0.99,-0.535354
Qwen_Qwen2.5-VL-32B-Instruct,mscoco,baseline_first,8,0.125,val,42,intervention,text,100,11,88,1,0.99,-0.777778
Qwen_Qwen2.5-VL-32B-Instruct,mscoco,baseline_first,8,0.125,val,43,baseline,image,100,98,2,0,1.0,0.96
Qwen_Qwen2.5-VL-32B-Instruct,mscoco,baseline_first,8,0.125,val,43,baseline,text,100,99,1,0,1.0,0.98
Qwen_Qwen2.5-VL-32B-Instruct,mscoco,baseline_first,8,0.125,val,43,intervention,image,100,20,80,0,1.0,-0.6
Qwen_Qwen2.5-VL-32B-Instruct,mscoco,baseline_first,8,0.125,val,43,intervention,text,100,16,83,1,0.99,-0.676768
Qwen_Qwen2.5-VL-32B-Instruct,mscoco,baseline_first,8,0.125,val,44,baseline,image,100,98,2,0,1.0,0.96
Qwen_Qwen2.5-VL-32B-Instruct,mscoco,baseline_first,8,0.125,val,44,baseline,text,100,99,1,0,1.0,0.98
Qwen_Qwen2.5-VL-32B-Instruct,mscoco,baseline_first,8,0.125,val,44,intervention,image,100,27,73,0,1.0,-0.46
Qwen_Qwen2.5-VL-32B-Instruct,mscoco,baseline_first,8,0.125,val,44,intervention,text,100,11,89,0,1.0,-0.78
Qwen_Qwen2.5-VL-32B-Instruct,mscoco,baseline_first,16,0.25,val,42,baseline,image,100,98,2,0,1.0,0.96
Qwen_Qwen2.5-VL-32B-Instruct,mscoco,baseline_first,16,0.25,val,42,baseline,text,100,99,1,0,1.0,0.98
Qwen_Qwen2.5-VL-32B-Instruct,mscoco,baseline_first,16,0.25,val,42,intervention,image,100,31,55,14,0.86,-0.27907
Qwen_Qwen2.5-VL-32B-Instruct,mscoco,baseline_first,16,0.25,val,42,intervention,text,100,3,84,13,0.87,-0.931034
Qwen_Qwen2.5-VL-32B-Instruct,mscoco,baseline_first,16,0.25,val,43,baseline,image,100,98,2,0,1.0,0.96
Qwen_Qwen2.5-VL-32B-Instruct,mscoco,baseline_first,16,0.25,val,43,baseline,text,100,99,1,0,1.0,0.98
Qwen_Qwen2.5-VL-32B-Instruct,mscoco,baseline_first,16,0.25,val,43,intervention,image,100,24,66,10,0.9,-0.466667
Qwen_Qwen2.5-VL-32B-Instruct,mscoco,baseline_first,16,0.25,val,43,intervention,text,100,1,85,14,0.86,-0.976744
Qwen_Qwen2.5-VL-32B-Instruct,mscoco,baseline_first,16,0.25,val,44,baseline,image,100,98,2,0,1.0,0.96
Qwen_Qwen2.5-VL-32B-Instruct,mscoco,baseline_first,16,0.25,val,44,baseline,text,100,99,1,0,1.0,0.98
Qwen_Qwen2.5-VL-32B-Instruct,mscoco,baseline_first,16,0.25,val,44,intervention,image,100,28,49,23,0.77,-0.272727
Qwen_Qwen2.5-VL-32B-Instruct,mscoco,baseline_first,16,0.25,val,44,intervention,text,100,1,80,19,0.81,-0.975309
Qwen_Qwen2.5-VL-32B-Instruct,mscoco,baseline_first,24,0.375,val,42,baseline,image,100,98,2,0,1.0,0.96
Qwen_Qwen2.5-VL-32B-Instruct,mscoco,baseline_first,24,0.375,val,42,baseline,text,100,99,1,0,1.0,0.98
Qwen_Qwen2.5-VL-32B-Instruct,mscoco,baseline_first,24,0.375,val,42,intervention,image,100,56,25,19,0.81,0.382716
Qwen_Qwen2.5-VL-32B-Instruct,mscoco,baseline_first,24,0.375,val,42,intervention,text,100,2,86,12,0.88,-0.954545
Qwen_Qwen2.5-VL-32B-Instruct,mscoco,baseline_first,24,0.375,val,43,baseline,image,100,98,2,0,1.0,0.96
Qwen_Qwen2.5-VL-32B-Instruct,mscoco,baseline_first,24,0.375,val,43,baseline,text,100,99,1,0,1.0,0.98
Qwen_Qwen2.5-VL-32B-Instruct,mscoco,baseline_first,24,0.375,val,43,intervention,image,100,44,9,47,0.53,0.660377
Qwen_Qwen2.5-VL-32B-Instruct,mscoco,baseline_first,24,0.375,val,43,intervention,text,100,1,78,21,0.79,-0.974684
Qwen_Qwen2.5-VL-32B-Instruct,mscoco,baseline_first,24,0.375,val,44,baseline,image,100,98,2,0,1.0,0.96
Qwen_Qwen2.5-VL-32B-Instruct,mscoco,baseline_first,24,0.375,val,44,baseline,text,100,99,1,0,1.0,0.98
Qwen_Qwen2.5-VL-32B-Instruct,mscoco,baseline_first,24,0.375,val,44,intervention,image,100,64,15,21,0.79,0.620253
Qwen_Qwen2.5-VL-32B-Instruct,mscoco,baseline_first,24,0.375,val,44,intervention,text,100,6,77,17,0.83,-0.855422
Qwen_Qwen2.5-VL-32B-Instruct,mscoco,baseline_first,32,0.5,val,42,baseline,image,100,98,2,0,1.0,0.96
Qwen_Qwen2.5-VL-32B-Instruct,mscoco,baseline_first,32,0.5,val,42,baseline,text,100,99,1,0,1.0,0.98
Qwen_Qwen2.5-VL-32B-Instruct,mscoco,baseline_first,32,0.5,val,42,intervention,image,100,26,67,7,0.93,-0.44086
Qwen_Qwen2.5-VL-32B-Instruct,mscoco,baseline_first,32,0.5,val,42,intervention,text,100,10,85,5,0.95,-0.789474
Qwen_Qwen2.5-VL-32B-Instruct,mscoco,baseline_first,32,0.5,val,43,baseline,image,100,98,2,0,1.0,0.96
Qwen_Qwen2.5-VL-32B-Instruct,mscoco,baseline_first,32,0.5,val,43,baseline,text,100,99,1,0,1.0,0.98
Qwen_Qwen2.5-VL-32B-Instruct,mscoco,baseline_first,32,0.5,val,43,intervention,image,100,20,74,6,0.94,-0.574468
Qwen_Qwen2.5-VL-32B-Instruct,mscoco,baseline_first,32,0.5,val,43,intervention,text,100,11,82,7,0.93,-0.763441
Qwen_Qwen2.5-VL-32B-Instruct,mscoco,baseline_first,32,0.5,val,44,baseline,image,100,98,2,0,1.0,0.96
Qwen_Qwen2.5-VL-32B-Instruct,mscoco,baseline_first,32,0.5,val,44,baseline,text,100,99,1,0,1.0,0.98
Qwen_Qwen2.5-VL-32B-Instruct,mscoco,baseline_first,32,0.5,val,44,intervention,image,100,24,67,9,0.91,-0.472527
Qwen_Qwen2.5-VL-32B-Instruct,mscoco,baseline_first,32,0.5,val,44,intervention,text,100,10,84,6,0.94,-0.787234
Qwen_Qwen2.5-VL-32B-Instruct,mscoco,baseline_first,39,0.625,val,42,baseline,image,100,98,2,0,1.0,0.96
Qwen_Qwen2.5-VL-32B-Instruct,mscoco,baseline_first,39,0.625,val,42,baseline,text,100,99,1,0,1.0,0.98
Qwen_Qwen2.5-VL-32B-Instruct,mscoco,baseline_first,39,0.625,val,42,intervention,image,100,61,8,31,0.69,0.768116
Qwen_Qwen2.5-VL-32B-Instruct,mscoco,baseline_first,39,0.625,val,42,intervention,text,100,4,58,38,0.62,-0.870968
Qwen_Qwen2.5-VL-32B-Instruct,mscoco,baseline_first,39,0.625,val,43,baseline,image,100,98,2,0,1.0,0.96
Qwen_Qwen2.5-VL-32B-Instruct,mscoco,baseline_first,39,0.625,val,43,baseline,text,100,99,1,0,1.0,0.98
Qwen_Qwen2.5-VL-32B-Instruct,mscoco,baseline_first,39,0.625,val,43,intervention,image,100,66,9,25,0.75,0.76
Qwen_Qwen2.5-VL-32B-Instruct,mscoco,baseline_first,39,0.625,val,43,intervention,text,100,6,64,30,0.7,-0.828571
Qwen_Qwen2.5-VL-32B-Instruct,mscoco,baseline_first,39,0.625,val,44,baseline,image,100,98,2,0,1.0,0.96
Qwen_Qwen2.5-VL-32B-Instruct,mscoco,baseline_first,39,0.625,val,44,baseline,text,100,99,1,0,1.0,0.98
Qwen_Qwen2.5-VL-32B-Instruct,mscoco,baseline_first,39,0.625,val,44,intervention,image,100,58,12,30,0.7,0.657143
Qwen_Qwen2.5-VL-32B-Instruct,mscoco,baseline_first,39,0.625,val,44,intervention,text,100,4,61,35,0.65,-0.876923
Qwen_Qwen2.5-VL-32B-Instruct,mscoco,baseline_first,47,0.75,val,42,baseline,image,100,98,2,0,1.0,0.96
Qwen_Qwen2.5-VL-32B-Instruct,mscoco,baseline_first,47,0.75,val,42,baseline,text,100,99,1,0,1.0,0.98
Qwen_Qwen2.5-VL-32B-Instruct,mscoco,baseline_first,47,0.75,val,42,intervention,image,100,83,5,12,0.88,0.886364
Qwen_Qwen2.5-VL-32B-Instruct,mscoco,baseline_first,47,0.75,val,42,intervention,text,100,63,13,24,0.76,0.657895
Qwen_Qwen2.5-VL-32B-Instruct,mscoco,baseline_first,47,0.75,val,43,baseline,image,100,98,2,0,1.0,0.96
Qwen_Qwen2.5-VL-32B-Instruct,mscoco,baseline_first,47,0.75,val,43,baseline,text,100,99,1,0,1.0,0.98
Qwen_Qwen2.5-VL-32B-Instruct,mscoco,baseline_first,47,0.75,val,43,intervention,image,100,90,3,7,0.93,0.935484
Qwen_Qwen2.5-VL-32B-Instruct,mscoco,baseline_first,47,0.75,val,43,intervention,text,100,63,14,23,0.77,0.636364
Qwen_Qwen2.5-VL-32B-Instruct,mscoco,baseline_first,47,0.75,val,44,baseline,image,100,98,2,0,1.0,0.96
Qwen_Qwen2.5-VL-32B-Instruct,mscoco,baseline_first,47,0.75,val,44,baseline,text,100,99,1,0,1.0,0.98
Qwen_Qwen2.5-VL-32B-Instruct,mscoco,baseline_first,47,0.75,val,44,intervention,image,100,84,3,13,0.87,0.931034
Qwen_Qwen2.5-VL-32B-Instruct,mscoco,baseline_first,47,0.75,val,44,intervention,text,100,61,15,24,0.76,0.605263
Qwen_Qwen2.5-VL-32B-Instruct,mscoco,baseline_first,55,0.875,val,42,baseline,image,100,98,2,0,1.0,0.96
Qwen_Qwen2.5-VL-32B-Instruct,mscoco,baseline_first,55,0.875,val,42,baseline,text,100,99,1,0,1.0,0.98
Qwen_Qwen2.5-VL-32B-Instruct,mscoco,baseline_first,55,0.875,val,42,intervention,image,100,94,4,2,0.98,0.918367
Qwen_Qwen2.5-VL-32B-Instruct,mscoco,baseline_first,55,0.875,val,42,intervention,text,100,61,15,24,0.76,0.605263
Qwen_Qwen2.5-VL-32B-Instruct,mscoco,baseline_first,55,0.875,val,43,baseline,image,100,98,2,0,1.0,0.96
Qwen_Qwen2.5-VL-32B-Instruct,mscoco,baseline_first,55,0.875,val,43,baseline,text,100,99,1,0,1.0,0.98
Qwen_Qwen2.5-VL-32B-Instruct,mscoco,baseline_first,55,0.875,val,43,intervention,image,100,94,4,2,0.98,0.918367
Qwen_Qwen2.5-VL-32B-Instruct,mscoco,baseline_first,55,0.875,val,43,intervention,text,100,56,19,25,0.75,0.493333
Qwen_Qwen2.5-VL-32B-Instruct,mscoco,baseline_first,55,0.875,val,44,baseline,image,100,98,2,0,1.0,0.96
Qwen_Qwen2.5-VL-32B-Instruct,mscoco,baseline_first,55,0.875,val,44,baseline,text,100,99,1,0,1.0,0.98
Qwen_Qwen2.5-VL-32B-Instruct,mscoco,baseline_first,55,0.875,val,44,intervention,image,100,95,4,1,0.99,0.919192
Qwen_Qwen2.5-VL-32B-Instruct,mscoco,baseline_first,55,0.875,val,44,intervention,text,100,56,17,27,0.73,0.534247
Qwen_Qwen2.5-VL-32B-Instruct,mscoco,baseline_first,63,1.0,val,42,baseline,image,100,98,2,0,1.0,0.96
Qwen_Qwen2.5-VL-32B-Instruct,mscoco,baseline_first,63,1.0,val,42,baseline,text,100,99,1,0,1.0,0.98
Qwen_Qwen2.5-VL-32B-Instruct,mscoco,baseline_first,63,1.0,val,42,intervention,image,100,91,8,1,0.99,0.838384
Qwen_Qwen2.5-VL-32B-Instruct,mscoco,baseline_first,63,1.0,val,42,intervention,text,100,90,6,4,0.96,0.875
Qwen_Qwen2.5-VL-32B-Instruct,mscoco,baseline_first,63,1.0,val,43,baseline,image,100,98,2,0,1.0,0.96
Qwen_Qwen2.5-VL-32B-Instruct,mscoco,baseline_first,63,1.0,val,43,baseline,text,100,99,1,0,1.0,0.98
Qwen_Qwen2.5-VL-32B-Instruct,mscoco,baseline_first,63,1.0,val,43,intervention,image,100,93,6,1,0.99,0.878788
Qwen_Qwen2.5-VL-32B-Instruct,mscoco,baseline_first,63,1.0,val,43,intervention,text,100,92,6,2,0.98,0.877551
Qwen_Qwen2.5-VL-32B-Instruct,mscoco,baseline_first,63,1.0,val,44,baseline,image,100,98,2,0,1.0,0.96
Qwen_Qwen2.5-VL-32B-Instruct,mscoco,baseline_first,63,1.0,val,44,baseline,text,100,99,1,0,1.0,0.98
Qwen_Qwen2.5-VL-32B-Instruct,mscoco,baseline_first,63,1.0,val,44,intervention,image,100,91,6,3,0.97,0.876289
Qwen_Qwen2.5-VL-32B-Instruct,mscoco,baseline_first,63,1.0,val,44,intervention,text,100,90,7,3,0.97,0.85567
Qwen_Qwen2.5-VL-32B-Instruct,mscoco,baseline_last,0,0.0,val,42,baseline,image,100,98,2,0,1.0,0.96
Qwen_Qwen2.5-VL-32B-Instruct,mscoco,baseline_last,0,0.0,val,42,baseline,text,100,99,1,0,1.0,0.98
Qwen_Qwen2.5-VL-32B-Instruct,mscoco,baseline_last,0,0.0,val,42,intervention,image,100,6,86,8,0.92,-0.869565
Qwen_Qwen2.5-VL-32B-Instruct,mscoco,baseline_last,0,0.0,val,42,intervention,text,100,2,77,21,0.79,-0.949367
Qwen_Qwen2.5-VL-32B-Instruct,mscoco,baseline_last,0,0.0,val,43,baseline,image,100,98,2,0,1.0,0.96
Qwen_Qwen2.5-VL-32B-Instruct,mscoco,baseline_last,0,0.0,val,43,baseline,text,100,99,1,0,1.0,0.98
Qwen_Qwen2.5-VL-32B-Instruct,mscoco,baseline_last,0,0.0,val,43,intervention,image,100,21,74,5,0.95,-0.557895
Qwen_Qwen2.5-VL-32B-Instruct,mscoco,baseline_last,0,0.0,val,43,intervention,text,100,50,36,14,0.86,0.162791
Qwen_Qwen2.5-VL-32B-Instruct,mscoco,baseline_last,0,0.0,val,44,baseline,image,100,98,2,0,1.0,0.96
Qwen_Qwen2.5-VL-32B-Instruct,mscoco,baseline_last,0,0.0,val,44,baseline,text,100,99,1,0,1.0,0.98
Qwen_Qwen2.5-VL-32B-Instruct,mscoco,baseline_last,0,0.0,val,44,intervention,image,100,15,83,2,0.98,-0.693878
Qwen_Qwen2.5-VL-32B-Instruct,mscoco,baseline_last,0,0.0,val,44,intervention,text,100,9,88,3,0.97,-0.814433
Qwen_Qwen2.5-VL-32B-Instruct,mscoco,baseline_last,8,0.125,val,42,baseline,image,100,98,2,0,1.0,0.96
Qwen_Qwen2.5-VL-32B-Instruct,mscoco,baseline_last,8,0.125,val,42,baseline,text,100,99,1,0,1.0,0.98
Qwen_Qwen2.5-VL-32B-Instruct,mscoco,baseline_last,8,0.125,val,42,intervention,image,100,14,86,0,1.0,-0.72
Qwen_Qwen2.5-VL-32B-Instruct,mscoco,baseline_last,8,0.125,val,42,intervention,text,100,60,38,2,0.98,0.22449
Qwen_Qwen2.5-VL-32B-Instruct,mscoco,baseline_last,8,0.125,val,43,baseline,image,100,98,2,0,1.0,0.96
Qwen_Qwen2.5-VL-32B-Instruct,mscoco,baseline_last,8,0.125,val,43,baseline,text,100,99,1,0,1.0,0.98
Qwen_Qwen2.5-VL-32B-Instruct,mscoco,baseline_last,8,0.125,val,43,intervention,image,100,8,82,10,0.9,-0.822222
Qwen_Qwen2.5-VL-32B-Instruct,mscoco,baseline_last,8,0.125,val,43,intervention,text,100,73,23,4,0.96,0.520833
Qwen_Qwen2.5-VL-32B-Instruct,mscoco,baseline_last,8,0.125,val,44,baseline,image,100,98,2,0,1.0,0.96
Qwen_Qwen2.5-VL-32B-Instruct,mscoco,baseline_last,8,0.125,val,44,baseline,text,100,99,1,0,1.0,0.98
Qwen_Qwen2.5-VL-32B-Instruct,mscoco,baseline_last,8,0.125,val,44,intervention,image,100,17,82,1,0.99,-0.656566
Qwen_Qwen2.5-VL-32B-Instruct,mscoco,baseline_last,8,0.125,val,44,intervention,text,100,67,33,0,1.0,0.34
Qwen_Qwen2.5-VL-32B-Instruct,mscoco,baseline_last,16,0.25,val,42,baseline,image,100,98,2,0,1.0,0.96
Qwen_Qwen2.5-VL-32B-Instruct,mscoco,baseline_last,16,0.25,val,42,baseline,text,100,99,1,0,1.0,0.98
Qwen_Qwen2.5-VL-32B-Instruct,mscoco,baseline_last,16,0.25,val,42,intervention,image,100,85,15,0,1.0,0.7
Qwen_Qwen2.5-VL-32B-Instruct,mscoco,baseline_last,16,0.25,val,42,intervention,text,100,69,28,3,0.97,0.42268
Qwen_Qwen2.5-VL-32B-Instruct,mscoco,baseline_last,16,0.25,val,43,baseline,image,100,98,2,0,1.0,0.96
Qwen_Qwen2.5-VL-32B-Instruct,mscoco,baseline_last,16,0.25,val,43,baseline,text,100,99,1,0,1.0,0.98
Qwen_Qwen2.5-VL-32B-Instruct,mscoco,baseline_last,16,0.25,val,43,intervention,image,100,80,19,1,0.99,0.616162
Qwen_Qwen2.5-VL-32B-Instruct,mscoco,baseline_last,16,0.25,val,43,intervention,text,100,74,23,3,0.97,0.525773
Qwen_Qwen2.5-VL-32B-Instruct,mscoco,baseline_last,16,0.25,val,44,baseline,image,100,98,2,0,1.0,0.96
Qwen_Qwen2.5-VL-32B-Instruct,mscoco,baseline_last,16,0.25,val,44,baseline,text,100,99,1,0,1.0,0.98
Qwen_Qwen2.5-VL-32B-Instruct,mscoco,baseline_last,16,0.25,val,44,intervention,image,100,89,11,0,1.0,0.78
Qwen_Qwen2.5-VL-32B-Instruct,mscoco,baseline_last,16,0.25,val,44,intervention,text,100,68,30,2,0.98,0.387755
Qwen_Qwen2.5-VL-32B-Instruct,mscoco,baseline_last,24,0.375,val,42,baseline,image,100,98,2,0,1.0,0.96
Qwen_Qwen2.5-VL-32B-Instruct,mscoco,baseline_last,24,0.375,val,42,baseline,text,100,99,1,0,1.0,0.98
Qwen_Qwen2.5-VL-32B-Instruct,mscoco,baseline_last,24,0.375,val,42,intervention,image,100,33,50,17,0.83,-0.204819
Qwen_Qwen2.5-VL-32B-Instruct,mscoco,baseline_last,24,0.375,val,42,intervention,text,100,12,68,20,0.8,-0.7
Qwen_Qwen2.5-VL-32B-Instruct,mscoco,baseline_last,24,0.375,val,43,baseline,image,100,98,2,0,1.0,0.96
Qwen_Qwen2.5-VL-32B-Instruct,mscoco,baseline_last,24,0.375,val,43,baseline,text,100,99,1,0,1.0,0.98
Qwen_Qwen2.5-VL-32B-Instruct,mscoco,baseline_last,24,0.375,val,43,intervention,image,100,30,53,17,0.83,-0.277108
Qwen_Qwen2.5-VL-32B-Instruct,mscoco,baseline_last,24,0.375,val,43,intervention,text,100,10,72,18,0.82,-0.756098
Qwen_Qwen2.5-VL-32B-Instruct,mscoco,baseline_last,24,0.375,val,44,baseline,image,100,98,2,0,1.0,0.96
Qwen_Qwen2.5-VL-32B-Instruct,mscoco,baseline_last,24,0.375,val,44,baseline,text,100,99,1,0,1.0,0.98
Qwen_Qwen2.5-VL-32B-Instruct,mscoco,baseline_last,24,0.375,val,44,intervention,image,100,29,53,18,0.82,-0.292683
Qwen_Qwen2.5-VL-32B-Instruct,mscoco,baseline_last,24,0.375,val,44,intervention,text,100,13,64,23,0.77,-0.662338
Qwen_Qwen2.5-VL-32B-Instruct,mscoco,baseline_last,32,0.5,val,42,baseline,image,100,98,2,0,1.0,0.96
Qwen_Qwen2.5-VL-32B-Instruct,mscoco,baseline_last,32,0.5,val,42,baseline,text,100,99,1,0,1.0,0.98
Qwen_Qwen2.5-VL-32B-Instruct,mscoco,baseline_last,32,0.5,val,42,intervention,image,100,89,11,0,1.0,0.78
Qwen_Qwen2.5-VL-32B-Instruct,mscoco,baseline_last,32,0.5,val,42,intervention,text,100,57,43,0,1.0,0.14
Qwen_Qwen2.5-VL-32B-Instruct,mscoco,baseline_last,32,0.5,val,43,baseline,image,100,98,2,0,1.0,0.96
Qwen_Qwen2.5-VL-32B-Instruct,mscoco,baseline_last,32,0.5,val,43,baseline,text,100,99,1,0,1.0,0.98
Qwen_Qwen2.5-VL-32B-Instruct,mscoco,baseline_last,32,0.5,val,43,intervention,image,100,90,10,0,1.0,0.8
Qwen_Qwen2.5-VL-32B-Instruct,mscoco,baseline_last,32,0.5,val,43,intervention,text,100,54,46,0,1.0,0.08
Qwen_Qwen2.5-VL-32B-Instruct,mscoco,baseline_last,32,0.5,val,44,baseline,image,100,98,2,0,1.0,0.96
Qwen_Qwen2.5-VL-32B-Instruct,mscoco,baseline_last,32,0.5,val,44,baseline,text,100,99,1,0,1.0,0.98
Qwen_Qwen2.5-VL-32B-Instruct,mscoco,baseline_last,32,0.5,val,44,intervention,image,100,89,10,1,0.99,0.79798
Qwen_Qwen2.5-VL-32B-Instruct,mscoco,baseline_last,32,0.5,val,44,intervention,text,100,56,44,0,1.0,0.12
Qwen_Qwen2.5-VL-32B-Instruct,mscoco,baseline_last,39,0.625,val,42,baseline,image,100,98,2,0,1.0,0.96
Qwen_Qwen2.5-VL-32B-Instruct,mscoco,baseline_last,39,0.625,val,42,baseline,text,100,99,1,0,1.0,0.98
Qwen_Qwen2.5-VL-32B-Instruct,mscoco,baseline_last,39,0.625,val,42,intervention,image,100,47,53,0,1.0,-0.06
Qwen_Qwen2.5-VL-32B-Instruct,mscoco,baseline_last,39,0.625,val,42,intervention,text,100,13,86,1,0.99,-0.737374
Qwen_Qwen2.5-VL-32B-Instruct,mscoco,baseline_last,39,0.625,val,43,baseline,image,100,98,2,0,1.0,0.96
Qwen_Qwen2.5-VL-32B-Instruct,mscoco,baseline_last,39,0.625,val,43,baseline,text,100,99,1,0,1.0,0.98
Qwen_Qwen2.5-VL-32B-Instruct,mscoco,baseline_last,39,0.625,val,43,intervention,image,100,47,53,0,1.0,-0.06
Qwen_Qwen2.5-VL-32B-Instruct,mscoco,baseline_last,39,0.625,val,43,intervention,text,100,12,88,0,1.0,-0.76
Qwen_Qwen2.5-VL-32B-Instruct,mscoco,baseline_last,39,0.625,val,44,baseline,image,100,98,2,0,1.0,0.96
Qwen_Qwen2.5-VL-32B-Instruct,mscoco,baseline_last,39,0.625,val,44,baseline,text,100,99,1,0,1.0,0.98
Qwen_Qwen2.5-VL-32B-Instruct,mscoco,baseline_last,39,0.625,val,44,intervention,image,100,46,54,0,1.0,-0.08
Qwen_Qwen2.5-VL-32B-Instruct,mscoco,baseline_last,39,0.625,val,44,intervention,text,100,12,88,0,1.0,-0.76
Qwen_Qwen2.5-VL-32B-Instruct,mscoco,baseline_last,47,0.75,val,42,baseline,image,100,98,2,0,1.0,0.96
Qwen_Qwen2.5-VL-32B-Instruct,mscoco,baseline_last,47,0.75,val,42,baseline,text,100,99,1,0,1.0,0.98
Qwen_Qwen2.5-VL-32B-Instruct,mscoco,baseline_last,47,0.75,val,42,intervention,image,100,36,62,2,0.98,-0.265306
Qwen_Qwen2.5-VL-32B-Instruct,mscoco,baseline_last,47,0.75,val,42,intervention,text,100,40,60,0,1.0,-0.2
Qwen_Qwen2.5-VL-32B-Instruct,mscoco,baseline_last,47,0.75,val,43,baseline,image,100,98,2,0,1.0,0.96
Qwen_Qwen2.5-VL-32B-Instruct,mscoco,baseline_last,47,0.75,val,43,baseline,text,100,99,1,0,1.0,0.98
Qwen_Qwen2.5-VL-32B-Instruct,mscoco,baseline_last,47,0.75,val,43,intervention,image,100,31,63,6,0.94,-0.340426
Qwen_Qwen2.5-VL-32B-Instruct,mscoco,baseline_last,47,0.75,val,43,intervention,text,100,41,58,1,0.99,-0.171717
Qwen_Qwen2.5-VL-32B-Instruct,mscoco,baseline_last,47,0.75,val,44,baseline,image,100,98,2,0,1.0,0.96
Qwen_Qwen2.5-VL-32B-Instruct,mscoco,baseline_last,47,0.75,val,44,baseline,text,100,99,1,0,1.0,0.98
Qwen_Qwen2.5-VL-32B-Instruct,mscoco,baseline_last,47,0.75,val,44,intervention,image,100,35,60,5,0.95,-0.263158
Qwen_Qwen2.5-VL-32B-Instruct,mscoco,baseline_last,47,0.75,val,44,intervention,text,100,37,62,1,0.99,-0.252525
Qwen_Qwen2.5-VL-32B-Instruct,mscoco,baseline_last,55,0.875,val,42,baseline,image,100,98,2,0,1.0,0.96
Qwen_Qwen2.5-VL-32B-Instruct,mscoco,baseline_last,55,0.875,val,42,baseline,text,100,99,1,0,1.0,0.98
Qwen_Qwen2.5-VL-32B-Instruct,mscoco,baseline_last,55,0.875,val,42,intervention,image,100,97,1,2,0.98,0.979592
Qwen_Qwen2.5-VL-32B-Instruct,mscoco,baseline_last,55,0.875,val,42,intervention,text,100,65,22,13,0.87,0.494253
Qwen_Qwen2.5-VL-32B-Instruct,mscoco,baseline_last,55,0.875,val,43,baseline,image,100,98,2,0,1.0,0.96
Qwen_Qwen2.5-VL-32B-Instruct,mscoco,baseline_last,55,0.875,val,43,baseline,text,100,99,1,0,1.0,0.98
Qwen_Qwen2.5-VL-32B-Instruct,mscoco,baseline_last,55,0.875,val,43,intervention,image,100,97,2,1,0.99,0.959596
Qwen_Qwen2.5-VL-32B-Instruct,mscoco,baseline_last,55,0.875,val,43,intervention,text,100,67,19,14,0.86,0.55814
Qwen_Qwen2.5-VL-32B-Instruct,mscoco,baseline_last,55,0.875,val,44,baseline,image,100,98,2,0,1.0,0.96
Qwen_Qwen2.5-VL-32B-Instruct,mscoco,baseline_last,55,0.875,val,44,baseline,text,100,99,1,0,1.0,0.98
Qwen_Qwen2.5-VL-32B-Instruct,mscoco,baseline_last,55,0.875,val,44,intervention,image,100,97,1,2,0.98,0.979592
Qwen_Qwen2.5-VL-32B-Instruct,mscoco,baseline_last,55,0.875,val,44,intervention,text,100,66,21,13,0.87,0.517241
Qwen_Qwen2.5-VL-32B-Instruct,mscoco,baseline_last,63,1.0,val,42,baseline,image,100,98,2,0,1.0,0.96
Qwen_Qwen2.5-VL-32B-Instruct,mscoco,baseline_last,63,1.0,val,42,baseline,text,100,99,1,0,1.0,0.98
Qwen_Qwen2.5-VL-32B-Instruct,mscoco,baseline_last,63,1.0,val,42,intervention,image,100,98,2,0,1.0,0.96
Qwen_Qwen2.5-VL-32B-Instruct,mscoco,baseline_last,63,1.0,val,42,intervention,text,100,91,6,3,0.97,0.876289
Qwen_Qwen2.5-VL-32B-Instruct,mscoco,baseline_last,63,1.0,val,43,baseline,image,100,98,2,0,1.0,0.96
Qwen_Qwen2.5-VL-32B-Instruct,mscoco,baseline_last,63,1.0,val,43,baseline,text,100,99,1,0,1.0,0.98
Qwen_Qwen2.5-VL-32B-Instruct,mscoco,baseline_last,63,1.0,val,43,intervention,image,100,98,2,0,1.0,0.96
Qwen_Qwen2.5-VL-32B-Instruct,mscoco,baseline_last,63,1.0,val,43,intervention,text,100,91,8,1,0.99,0.838384
Qwen_Qwen2.5-VL-32B-Instruct,mscoco,baseline_last,63,1.0,val,44,baseline,image,100,98,2,0,1.0,0.96
Qwen_Qwen2.5-VL-32B-Instruct,mscoco,baseline_last,63,1.0,val,44,baseline,text,100,99,1,0,1.0,0.98
Qwen_Qwen2.5-VL-32B-Instruct,mscoco,baseline_last,63,1.0,val,44,intervention,image,100,96,4,0,1.0,0.92
Qwen_Qwen2.5-VL-32B-Instruct,mscoco,baseline_last,63,1.0,val,44,intervention,text,100,93,5,2,0.98,0.897959
Qwen_Qwen2.5-VL-32B-Instruct,mscoco,content,0,0.0,val,42,baseline,image,100,98,2,0,1.0,0.96
Qwen_Qwen2.5-VL-32B-Instruct,mscoco,content,0,0.0,val,42,baseline,text,100,99,1,0,1.0,0.98
Qwen_Qwen2.5-VL-32B-Instruct,mscoco,content,0,0.0,val,42,intervention,image,100,58,1,41,0.59,0.966102
Qwen_Qwen2.5-VL-32B-Instruct,mscoco,content,0,0.0,val,42,intervention,text,100,0,100,0,1.0,-1.0
Qwen_Qwen2.5-VL-32B-Instruct,mscoco,content,0,0.0,val,43,baseline,image,100,98,2,0,1.0,0.96
Qwen_Qwen2.5-VL-32B-Instruct,mscoco,content,0,0.0,val,43,baseline,text,100,99,1,0,1.0,0.98
Qwen_Qwen2.5-VL-32B-Instruct,mscoco,content,0,0.0,val,43,intervention,image,100,49,1,50,0.5,0.96
Qwen_Qwen2.5-VL-32B-Instruct,mscoco,content,0,0.0,val,43,intervention,text,100,0,100,0,1.0,-1.0
Qwen_Qwen2.5-VL-32B-Instruct,mscoco,content,0,0.0,val,44,baseline,image,100,98,2,0,1.0,0.96
Qwen_Qwen2.5-VL-32B-Instruct,mscoco,content,0,0.0,val,44,baseline,text,100,99,1,0,1.0,0.98
Qwen_Qwen2.5-VL-32B-Instruct,mscoco,content,0,0.0,val,44,intervention,image,100,58,0,42,0.58,1.0
Qwen_Qwen2.5-VL-32B-Instruct,mscoco,content,0,0.0,val,44,intervention,text,100,0,99,1,0.99,-1.0
Qwen_Qwen2.5-VL-32B-Instruct,mscoco,content,8,0.125,val,42,baseline,image,100,98,2,0,1.0,0.96
Qwen_Qwen2.5-VL-32B-Instruct,mscoco,content,8,0.125,val,42,baseline,text,100,99,1,0,1.0,0.98
Qwen_Qwen2.5-VL-32B-Instruct,mscoco,content,8,0.125,val,42,intervention,image,100,51,48,1,0.99,0.030303
Qwen_Qwen2.5-VL-32B-Instruct,mscoco,content,8,0.125,val,42,intervention,text,100,6,94,0,1.0,-0.88
Qwen_Qwen2.5-VL-32B-Instruct,mscoco,content,8,0.125,val,43,baseline,image,100,98,2,0,1.0,0.96
Qwen_Qwen2.5-VL-32B-Instruct,mscoco,content,8,0.125,val,43,baseline,text,100,99,1,0,1.0,0.98
Qwen_Qwen2.5-VL-32B-Instruct,mscoco,content,8,0.125,val,43,intervention,image,100,16,84,0,1.0,-0.68
Qwen_Qwen2.5-VL-32B-Instruct,mscoco,content,8,0.125,val,43,intervention,text,100,5,95,0,1.0,-0.9
Qwen_Qwen2.5-VL-32B-Instruct,mscoco,content,8,0.125,val,44,baseline,image,100,98,2,0,1.0,0.96
Qwen_Qwen2.5-VL-32B-Instruct,mscoco,content,8,0.125,val,44,baseline,text,100,99,1,0,1.0,0.98
Qwen_Qwen2.5-VL-32B-Instruct,mscoco,content,8,0.125,val,44,intervention,image,100,6,93,1,0.99,-0.878788
Qwen_Qwen2.5-VL-32B-Instruct,mscoco,content,8,0.125,val,44,intervention,text,100,8,92,0,1.0,-0.84
Qwen_Qwen2.5-VL-32B-Instruct,mscoco,content,16,0.25,val,42,baseline,image,100,98,2,0,1.0,0.96
Qwen_Qwen2.5-VL-32B-Instruct,mscoco,content,16,0.25,val,42,baseline,text,100,99,1,0,1.0,0.98
Qwen_Qwen2.5-VL-32B-Instruct,mscoco,content,16,0.25,val,42,intervention,image,100,40,58,2,0.98,-0.183673
Qwen_Qwen2.5-VL-32B-Instruct,mscoco,content,16,0.25,val,42,intervention,text,100,35,65,0,1.0,-0.3
Qwen_Qwen2.5-VL-32B-Instruct,mscoco,content,16,0.25,val,43,baseline,image,100,98,2,0,1.0,0.96
Qwen_Qwen2.5-VL-32B-Instruct,mscoco,content,16,0.25,val,43,baseline,text,100,99,1,0,1.0,0.98
Qwen_Qwen2.5-VL-32B-Instruct,mscoco,content,16,0.25,val,43,intervention,image,100,21,76,3,0.97,-0.56701
Qwen_Qwen2.5-VL-32B-Instruct,mscoco,content,16,0.25,val,43,intervention,text,100,21,78,1,0.99,-0.575758
Qwen_Qwen2.5-VL-32B-Instruct,mscoco,content,16,0.25,val,44,baseline,image,100,98,2,0,1.0,0.96
Qwen_Qwen2.5-VL-32B-Instruct,mscoco,content,16,0.25,val,44,baseline,text,100,99,1,0,1.0,0.98
Qwen_Qwen2.5-VL-32B-Instruct,mscoco,content,16,0.25,val,44,intervention,image,100,6,94,0,1.0,-0.88
Qwen_Qwen2.5-VL-32B-Instruct,mscoco,content,16,0.25,val,44,intervention,text,100,88,12,0,1.0,0.76
Qwen_Qwen2.5-VL-32B-Instruct,mscoco,content,24,0.375,val,42,baseline,image,100,98,2,0,1.0,0.96
Qwen_Qwen2.5-VL-32B-Instruct,mscoco,content,24,0.375,val,42,baseline,text,100,99,1,0,1.0,0.98
Qwen_Qwen2.5-VL-32B-Instruct,mscoco,content,24,0.375,val,42,intervention,image,100,8,90,2,0.98,-0.836735
Qwen_Qwen2.5-VL-32B-Instruct,mscoco,content,24,0.375,val,42,intervention,text,100,41,58,1,0.99,-0.171717
Qwen_Qwen2.5-VL-32B-Instruct,mscoco,content,24,0.375,val,43,baseline,image,100,98,2,0,1.0,0.96
Qwen_Qwen2.5-VL-32B-Instruct,mscoco,content,24,0.375,val,43,baseline,text,100,99,1,0,1.0,0.98
Qwen_Qwen2.5-VL-32B-Instruct,mscoco,content,24,0.375,val,43,intervention,image,100,16,82,2,0.98,-0.673469
Qwen_Qwen2.5-VL-32B-Instruct,mscoco,content,24,0.375,val,43,intervention,text,100,39,59,2,0.98,-0.204082
Qwen_Qwen2.5-VL-32B-Instruct,mscoco,content,24,0.375,val,44,baseline,image,100,98,2,0,1.0,0.96
Qwen_Qwen2.5-VL-32B-Instruct,mscoco,content,24,0.375,val,44,baseline,text,100,99,1,0,1.0,0.98
Qwen_Qwen2.5-VL-32B-Instruct,mscoco,content,24,0.375,val,44,intervention,image,100,22,75,3,0.97,-0.546392
Qwen_Qwen2.5-VL-32B-Instruct,mscoco,content,24,0.375,val,44,intervention,text,100,21,79,0,1.0,-0.58
Qwen_Qwen2.5-VL-32B-Instruct,mscoco,content,32,0.5,val,42,baseline,image,100,98,2,0,1.0,0.96
Qwen_Qwen2.5-VL-32B-Instruct,mscoco,content,32,0.5,val,42,baseline,text,100,99,1,0,1.0,0.98
Qwen_Qwen2.5-VL-32B-Instruct,mscoco,content,32,0.5,val,42,intervention,image,100,44,52,4,0.96,-0.083333
Qwen_Qwen2.5-VL-32B-Instruct,mscoco,content,32,0.5,val,42,intervention,text,100,38,61,1,0.99,-0.232323
Qwen_Qwen2.5-VL-32B-Instruct,mscoco,content,32,0.5,val,43,baseline,image,100,98,2,0,1.0,0.96
Qwen_Qwen2.5-VL-32B-Instruct,mscoco,content,32,0.5,val,43,baseline,text,100,99,1,0,1.0,0.98
Qwen_Qwen2.5-VL-32B-Instruct,mscoco,content,32,0.5,val,43,intervention,image,100,41,54,5,0.95,-0.136842
Qwen_Qwen2.5-VL-32B-Instruct,mscoco,content,32,0.5,val,43,intervention,text,100,32,68,0,1.0,-0.36
Qwen_Qwen2.5-VL-32B-Instruct,mscoco,content,32,0.5,val,44,baseline,image,100,98,2,0,1.0,0.96
Qwen_Qwen2.5-VL-32B-Instruct,mscoco,content,32,0.5,val,44,baseline,text,100,99,1,0,1.0,0.98
Qwen_Qwen2.5-VL-32B-Instruct,mscoco,content,32,0.5,val,44,intervention,image,100,41,56,3,0.97,-0.154639
Qwen_Qwen2.5-VL-32B-Instruct,mscoco,content,32,0.5,val,44,intervention,text,100,44,56,0,1.0,-0.12
Qwen_Qwen2.5-VL-32B-Instruct,mscoco,content,39,0.625,val,42,baseline,image,100,98,2,0,1.0,0.96
Qwen_Qwen2.5-VL-32B-Instruct,mscoco,content,39,0.625,val,42,baseline,text,100,99,1,0,1.0,0.98
Qwen_Qwen2.5-VL-32B-Instruct,mscoco,content,39,0.625,val,42,intervention,image,100,38,62,0,1.0,-0.24
Qwen_Qwen2.5-VL-32B-Instruct,mscoco,content,39,0.625,val,42,intervention,text,100,9,91,0,1.0,-0.82
Qwen_Qwen2.5-VL-32B-Instruct,mscoco,content,39,0.625,val,43,baseline,image,100,98,2,0,1.0,0.96
Qwen_Qwen2.5-VL-32B-Instruct,mscoco,content,39,0.625,val,43,baseline,text,100,99,1,0,1.0,0.98
Qwen_Qwen2.5-VL-32B-Instruct,mscoco,content,39,0.625,val,43,intervention,image,100,37,63,0,1.0,-0.26
Qwen_Qwen2.5-VL-32B-Instruct,mscoco,content,39,0.625,val,43,intervention,text,100,10,90,0,1.0,-0.8
Qwen_Qwen2.5-VL-32B-Instruct,mscoco,content,39,0.625,val,44,baseline,image,100,98,2,0,1.0,0.96
Qwen_Qwen2.5-VL-32B-Instruct,mscoco,content,39,0.625,val,44,baseline,text,100,99,1,0,1.0,0.98
Qwen_Qwen2.5-VL-32B-Instruct,mscoco,content,39,0.625,val,44,intervention,image,100,36,64,0,1.0,-0.28
Qwen_Qwen2.5-VL-32B-Instruct,mscoco,content,39,0.625,val,44,intervention,text,100,8,91,1,0.99,-0.838384
Qwen_Qwen2.5-VL-32B-Instruct,mscoco,content,47,0.75,val,42,baseline,image,100,98,2,0,1.0,0.96
Qwen_Qwen2.5-VL-32B-Instruct,mscoco,content,47,0.75,val,42,baseline,text,100,99,1,0,1.0,0.98
Qwen_Qwen2.5-VL-32B-Instruct,mscoco,content,47,0.75,val,42,intervention,image,100,42,52,6,0.94,-0.106383
Qwen_Qwen2.5-VL-32B-Instruct,mscoco,content,47,0.75,val,42,intervention,text,100,47,48,5,0.95,-0.010526
Qwen_Qwen2.5-VL-32B-Instruct,mscoco,content,47,0.75,val,43,baseline,image,100,98,2,0,1.0,0.96
Qwen_Qwen2.5-VL-32B-Instruct,mscoco,content,47,0.75,val,43,baseline,text,100,99,1,0,1.0,0.98
Qwen_Qwen2.5-VL-32B-Instruct,mscoco,content,47,0.75,val,43,intervention,image,100,43,51,6,0.94,-0.085106
Qwen_Qwen2.5-VL-32B-Instruct,mscoco,content,47,0.75,val,43,intervention,text,100,45,47,8,0.92,-0.021739
Qwen_Qwen2.5-VL-32B-Instruct,mscoco,content,47,0.75,val,44,baseline,image,100,98,2,0,1.0,0.96
Qwen_Qwen2.5-VL-32B-Instruct,mscoco,content,47,0.75,val,44,baseline,text,100,99,1,0,1.0,0.98
Qwen_Qwen2.5-VL-32B-Instruct,mscoco,content,47,0.75,val,44,intervention,image,100,41,55,4,0.96,-0.145833
Qwen_Qwen2.5-VL-32B-Instruct,mscoco,content,47,0.75,val,44,intervention,text,100,48,45,7,0.93,0.032258
Qwen_Qwen2.5-VL-32B-Instruct,mscoco,content,55,0.875,val,42,baseline,image,100,98,2,0,1.0,0.96
Qwen_Qwen2.5-VL-32B-Instruct,mscoco,content,55,0.875,val,42,baseline,text,100,99,1,0,1.0,0.98
Qwen_Qwen2.5-VL-32B-Instruct,mscoco,content,55,0.875,val,42,intervention,image,100,92,7,1,0.99,0.858586
Qwen_Qwen2.5-VL-32B-Instruct,mscoco,content,55,0.875,val,42,intervention,text,100,72,24,4,0.96,0.5
Qwen_Qwen2.5-VL-32B-Instruct,mscoco,content,55,0.875,val,43,baseline,image,100,98,2,0,1.0,0.96
Qwen_Qwen2.5-VL-32B-Instruct,mscoco,content,55,0.875,val,43,baseline,text,100,99,1,0,1.0,0.98
Qwen_Qwen2.5-VL-32B-Instruct,mscoco,content,55,0.875,val,43,intervention,image,100,93,5,2,0.98,0.897959
Qwen_Qwen2.5-VL-32B-Instruct,mscoco,content,55,0.875,val,43,intervention,text,100,72,26,2,0.98,0.469388
Qwen_Qwen2.5-VL-32B-Instruct,mscoco,content,55,0.875,val,44,baseline,image,100,98,2,0,1.0,0.96
Qwen_Qwen2.5-VL-32B-Instruct,mscoco,content,55,0.875,val,44,baseline,text,100,99,1,0,1.0,0.98
Qwen_Qwen2.5-VL-32B-Instruct,mscoco,content,55,0.875,val,44,intervention,image,100,91,7,2,0.98,0.857143
Qwen_Qwen2.5-VL-32B-Instruct,mscoco,content,55,0.875,val,44,intervention,text,100,70,28,2,0.98,0.428571
Qwen_Qwen2.5-VL-32B-Instruct,mscoco,content,63,1.0,val,42,baseline,image,100,98,2,0,1.0,0.96
Qwen_Qwen2.5-VL-32B-Instruct,mscoco,content,63,1.0,val,42,baseline,text,100,99,1,0,1.0,0.98
Qwen_Qwen2.5-VL-32B-Instruct,mscoco,content,63,1.0,val,42,intervention,image,100,88,5,7,0.93,0.892473
Qwen_Qwen2.5-VL-32B-Instruct,mscoco,content,63,1.0,val,42,intervention,text,100,38,43,19,0.81,-0.061728
Qwen_Qwen2.5-VL-32B-Instruct,mscoco,content,63,1.0,val,43,baseline,image,100,98,2,0,1.0,0.96
Qwen_Qwen2.5-VL-32B-Instruct,mscoco,content,63,1.0,val,43,baseline,text,100,99,1,0,1.0,0.98
Qwen_Qwen2.5-VL-32B-Instruct,mscoco,content,63,1.0,val,43,intervention,image,100,88,5,7,0.93,0.892473
Qwen_Qwen2.5-VL-32B-Instruct,mscoco,content,63,1.0,val,43,intervention,text,100,39,41,20,0.8,-0.025
Qwen_Qwen2.5-VL-32B-Instruct,mscoco,content,63,1.0,val,44,baseline,image,100,98,2,0,1.0,0.96
Qwen_Qwen2.5-VL-32B-Instruct,mscoco,content,63,1.0,val,44,baseline,text,100,99,1,0,1.0,0.98
Qwen_Qwen2.5-VL-32B-Instruct,mscoco,content,63,1.0,val,44,intervention,image,100,87,3,10,0.9,0.933333
Qwen_Qwen2.5-VL-32B-Instruct,mscoco,content,63,1.0,val,44,intervention,text,100,38,42,20,0.8,-0.05
Qwen_Qwen2.5-VL-32B-Instruct,mscoco,marker,0,0.0,val,42,baseline,image,100,98,2,0,1.0,0.96
Qwen_Qwen2.5-VL-32B-Instruct,mscoco,marker,0,0.0,val,42,baseline,text,100,99,1,0,1.0,0.98
Qwen_Qwen2.5-VL-32B-Instruct,mscoco,marker,0,0.0,val,42,intervention,image,100,13,85,2,0.98,-0.734694
Qwen_Qwen2.5-VL-32B-Instruct,mscoco,marker,0,0.0,val,42,intervention,text,100,8,90,2,0.98,-0.836735
Qwen_Qwen2.5-VL-32B-Instruct,mscoco,marker,0,0.0,val,43,baseline,image,100,98,2,0,1.0,0.96
Qwen_Qwen2.5-VL-32B-Instruct,mscoco,marker,0,0.0,val,43,baseline,text,100,99,1,0,1.0,0.98
Qwen_Qwen2.5-VL-32B-Instruct,mscoco,marker,0,0.0,val,43,intervention,image,100,36,62,2,0.98,-0.265306
Qwen_Qwen2.5-VL-32B-Instruct,mscoco,marker,0,0.0,val,43,intervention,text,100,0,100,0,1.0,-1.0
Qwen_Qwen2.5-VL-32B-Instruct,mscoco,marker,0,0.0,val,44,baseline,image,100,98,2,0,1.0,0.96
Qwen_Qwen2.5-VL-32B-Instruct,mscoco,marker,0,0.0,val,44,baseline,text,100,99,1,0,1.0,0.98
Qwen_Qwen2.5-VL-32B-Instruct,mscoco,marker,0,0.0,val,44,intervention,image,100,1,99,0,1.0,-0.98
Qwen_Qwen2.5-VL-32B-Instruct,mscoco,marker,0,0.0,val,44,intervention,text,100,3,96,1,0.99,-0.939394
Qwen_Qwen2.5-VL-32B-Instruct,mscoco,marker,8,0.125,val,42,baseline,image,100,98,2,0,1.0,0.96
Qwen_Qwen2.5-VL-32B-Instruct,mscoco,marker,8,0.125,val,42,baseline,text,100,99,1,0,1.0,0.98
Qwen_Qwen2.5-VL-32B-Instruct,mscoco,marker,8,0.125,val,42,intervention,image,100,11,89,0,1.0,-0.78
Qwen_Qwen2.5-VL-32B-Instruct,mscoco,marker,8,0.125,val,42,intervention,text,100,13,87,0,1.0,-0.74
Qwen_Qwen2.5-VL-32B-Instruct,mscoco,marker,8,0.125,val,43,baseline,image,100,98,2,0,1.0,0.96
Qwen_Qwen2.5-VL-32B-Instruct,mscoco,marker,8,0.125,val,43,baseline,text,100,99,1,0,1.0,0.98
Qwen_Qwen2.5-VL-32B-Instruct,mscoco,marker,8,0.125,val,43,intervention,image,100,5,95,0,1.0,-0.9
Qwen_Qwen2.5-VL-32B-Instruct,mscoco,marker,8,0.125,val,43,intervention,text,100,8,92,0,1.0,-0.84
Qwen_Qwen2.5-VL-32B-Instruct,mscoco,marker,8,0.125,val,44,baseline,image,100,98,2,0,1.0,0.96
Qwen_Qwen2.5-VL-32B-Instruct,mscoco,marker,8,0.125,val,44,baseline,text,100,99,1,0,1.0,0.98
Qwen_Qwen2.5-VL-32B-Instruct,mscoco,marker,8,0.125,val,44,intervention,image,100,2,98,0,1.0,-0.96
Qwen_Qwen2.5-VL-32B-Instruct,mscoco,marker,8,0.125,val,44,intervention,text,100,21,79,0,1.0,-0.58
Qwen_Qwen2.5-VL-32B-Instruct,mscoco,marker,16,0.25,val,42,baseline,image,100,98,2,0,1.0,0.96
Qwen_Qwen2.5-VL-32B-Instruct,mscoco,marker,16,0.25,val,42,baseline,text,100,99,1,0,1.0,0.98
Qwen_Qwen2.5-VL-32B-Instruct,mscoco,marker,16,0.25,val,42,intervention,image,100,5,95,0,1.0,-0.9
Qwen_Qwen2.5-VL-32B-Instruct,mscoco,marker,16,0.25,val,42,intervention,text,100,3,97,0,1.0,-0.94
Qwen_Qwen2.5-VL-32B-Instruct,mscoco,marker,16,0.25,val,43,baseline,image,100,98,2,0,1.0,0.96
Qwen_Qwen2.5-VL-32B-Instruct,mscoco,marker,16,0.25,val,43,baseline,text,100,99,1,0,1.0,0.98
Qwen_Qwen2.5-VL-32B-Instruct,mscoco,marker,16,0.25,val,43,intervention,image,100,11,89,0,1.0,-0.78
Qwen_Qwen2.5-VL-32B-Instruct,mscoco,marker,16,0.25,val,43,intervention,text,100,6,94,0,1.0,-0.88
Qwen_Qwen2.5-VL-32B-Instruct,mscoco,marker,16,0.25,val,44,baseline,image,100,98,2,0,1.0,0.96
Qwen_Qwen2.5-VL-32B-Instruct,mscoco,marker,16,0.25,val,44,baseline,text,100,99,1,0,1.0,0.98
Qwen_Qwen2.5-VL-32B-Instruct,mscoco,marker,16,0.25,val,44,intervention,image,100,4,96,0,1.0,-0.92
Qwen_Qwen2.5-VL-32B-Instruct,mscoco,marker,16,0.25,val,44,intervention,text,100,2,98,0,1.0,-0.96
Qwen_Qwen2.5-VL-32B-Instruct,mscoco,marker,24,0.375,val,42,baseline,image,100,98,2,0,1.0,0.96
Qwen_Qwen2.5-VL-32B-Instruct,mscoco,marker,24,0.375,val,42,baseline,text,100,99,1,0,1.0,0.98
Qwen_Qwen2.5-VL-32B-Instruct,mscoco,marker,24,0.375,val,42,intervention,image,100,6,94,0,1.0,-0.88
Qwen_Qwen2.5-VL-32B-Instruct,mscoco,marker,24,0.375,val,42,intervention,text,100,8,92,0,1.0,-0.84
Qwen_Qwen2.5-VL-32B-Instruct,mscoco,marker,24,0.375,val,43,baseline,image,100,98,2,0,1.0,0.96
Qwen_Qwen2.5-VL-32B-Instruct,mscoco,marker,24,0.375,val,43,baseline,text,100,99,1,0,1.0,0.98
Qwen_Qwen2.5-VL-32B-Instruct,mscoco,marker,24,0.375,val,43,intervention,image,100,4,96,0,1.0,-0.92
Qwen_Qwen2.5-VL-32B-Instruct,mscoco,marker,24,0.375,val,43,intervention,text,100,16,84,0,1.0,-0.68
Qwen_Qwen2.5-VL-32B-Instruct,mscoco,marker,24,0.375,val,44,baseline,image,100,98,2,0,1.0,0.96
Qwen_Qwen2.5-VL-32B-Instruct,mscoco,marker,24,0.375,val,44,baseline,text,100,99,1,0,1.0,0.98
Qwen_Qwen2.5-VL-32B-Instruct,mscoco,marker,24,0.375,val,44,intervention,image,100,5,93,2,0.98,-0.897959
Qwen_Qwen2.5-VL-32B-Instruct,mscoco,marker,24,0.375,val,44,intervention,text,100,9,91,0,1.0,-0.82
Qwen_Qwen2.5-VL-32B-Instruct,mscoco,marker,32,0.5,val,42,baseline,image,100,98,2,0,1.0,0.96
Qwen_Qwen2.5-VL-32B-Instruct,mscoco,marker,32,0.5,val,42,baseline,text,100,99,1,0,1.0,0.98
Qwen_Qwen2.5-VL-32B-Instruct,mscoco,marker,32,0.5,val,42,intervention,image,100,9,88,3,0.97,-0.814433
Qwen_Qwen2.5-VL-32B-Instruct,mscoco,marker,32,0.5,val,42,intervention,text,100,4,96,0,1.0,-0.92
Qwen_Qwen2.5-VL-32B-Instruct,mscoco,marker,32,0.5,val,43,baseline,image,100,98,2,0,1.0,0.96
Qwen_Qwen2.5-VL-32B-Instruct,mscoco,marker,32,0.5,val,43,baseline,text,100,99,1,0,1.0,0.98
Qwen_Qwen2.5-VL-32B-Instruct,mscoco,marker,32,0.5,val,43,intervention,image,100,10,87,3,0.97,-0.793814
Qwen_Qwen2.5-VL-32B-Instruct,mscoco,marker,32,0.5,val,43,intervention,text,100,3,97,0,1.0,-0.94
Qwen_Qwen2.5-VL-32B-Instruct,mscoco,marker,32,0.5,val,44,baseline,image,100,98,2,0,1.0,0.96
Qwen_Qwen2.5-VL-32B-Instruct,mscoco,marker,32,0.5,val,44,baseline,text,100,99,1,0,1.0,0.98
Qwen_Qwen2.5-VL-32B-Instruct,mscoco,marker,32,0.5,val,44,intervention,image,100,7,91,2,0.98,-0.857143
Qwen_Qwen2.5-VL-32B-Instruct,mscoco,marker,32,0.5,val,44,intervention,text,100,4,96,0,1.0,-0.92
Qwen_Qwen2.5-VL-32B-Instruct,mscoco,marker,39,0.625,val,42,baseline,image,100,98,2,0,1.0,0.96
Qwen_Qwen2.5-VL-32B-Instruct,mscoco,marker,39,0.625,val,42,baseline,text,100,99,1,0,1.0,0.98
Qwen_Qwen2.5-VL-32B-Instruct,mscoco,marker,39,0.625,val,42,intervention,image,100,0,100,0,1.0,-1.0
Qwen_Qwen2.5-VL-32B-Instruct,mscoco,marker,39,0.625,val,42,intervention,text,100,3,97,0,1.0,-0.94
Qwen_Qwen2.5-VL-32B-Instruct,mscoco,marker,39,0.625,val,43,baseline,image,100,98,2,0,1.0,0.96
Qwen_Qwen2.5-VL-32B-Instruct,mscoco,marker,39,0.625,val,43,baseline,text,100,99,1,0,1.0,0.98
Qwen_Qwen2.5-VL-32B-Instruct,mscoco,marker,39,0.625,val,43,intervention,image,100,1,99,0,1.0,-0.98
Qwen_Qwen2.5-VL-32B-Instruct,mscoco,marker,39,0.625,val,43,intervention,text,100,3,97,0,1.0,-0.94
Qwen_Qwen2.5-VL-32B-Instruct,mscoco,marker,39,0.625,val,44,baseline,image,100,98,2,0,1.0,0.96
Qwen_Qwen2.5-VL-32B-Instruct,mscoco,marker,39,0.625,val,44,baseline,text,100,99,1,0,1.0,0.98
Qwen_Qwen2.5-VL-32B-Instruct,mscoco,marker,39,0.625,val,44,intervention,image,100,1,99,0,1.0,-0.98
Qwen_Qwen2.5-VL-32B-Instruct,mscoco,marker,39,0.625,val,44,intervention,text,100,3,97,0,1.0,-0.94
Qwen_Qwen2.5-VL-32B-Instruct,mscoco,marker,47,0.75,val,42,baseline,image,100,98,2,0,1.0,0.96
Qwen_Qwen2.5-VL-32B-Instruct,mscoco,marker,47,0.75,val,42,baseline,text,100,99,1,0,1.0,0.98
Qwen_Qwen2.5-VL-32B-Instruct,mscoco,marker,47,0.75,val,42,intervention,image,100,62,37,1,0.99,0.252525
Qwen_Qwen2.5-VL-32B-Instruct,mscoco,marker,47,0.75,val,42,intervention,text,100,88,8,4,0.96,0.833333
Qwen_Qwen2.5-VL-32B-Instruct,mscoco,marker,47,0.75,val,43,baseline,image,100,98,2,0,1.0,0.96
Qwen_Qwen2.5-VL-32B-Instruct,mscoco,marker,47,0.75,val,43,baseline,text,100,99,1,0,1.0,0.98
Qwen_Qwen2.5-VL-32B-Instruct,mscoco,marker,47,0.75,val,43,intervention,image,100,59,41,0,1.0,0.18
Qwen_Qwen2.5-VL-32B-Instruct,mscoco,marker,47,0.75,val,43,intervention,text,100,88,8,4,0.96,0.833333
Qwen_Qwen2.5-VL-32B-Instruct,mscoco,marker,47,0.75,val,44,baseline,image,100,98,2,0,1.0,0.96
Qwen_Qwen2.5-VL-32B-Instruct,mscoco,marker,47,0.75,val,44,baseline,text,100,99,1,0,1.0,0.98
Qwen_Qwen2.5-VL-32B-Instruct,mscoco,marker,47,0.75,val,44,intervention,image,100,63,37,0,1.0,0.26
Qwen_Qwen2.5-VL-32B-Instruct,mscoco,marker,47,0.75,val,44,intervention,text,100,87,6,7,0.93,0.870968
Qwen_Qwen2.5-VL-32B-Instruct,mscoco,marker,55,0.875,val,42,baseline,image,100,98,2,0,1.0,0.96
Qwen_Qwen2.5-VL-32B-Instruct,mscoco,marker,55,0.875,val,42,baseline,text,100,99,1,0,1.0,0.98
Qwen_Qwen2.5-VL-32B-Instruct,mscoco,marker,55,0.875,val,42,intervention,image,100,95,2,3,0.97,0.958763
Qwen_Qwen2.5-VL-32B-Instruct,mscoco,marker,55,0.875,val,42,intervention,text,100,71,15,14,0.86,0.651163
Qwen_Qwen2.5-VL-32B-Instruct,mscoco,marker,55,0.875,val,43,baseline,image,100,98,2,0,1.0,0.96
Qwen_Qwen2.5-VL-32B-Instruct,mscoco,marker,55,0.875,val,43,baseline,text,100,99,1,0,1.0,0.98
Qwen_Qwen2.5-VL-32B-Instruct,mscoco,marker,55,0.875,val,43,intervention,image,100,95,4,1,0.99,0.919192
Qwen_Qwen2.5-VL-32B-Instruct,mscoco,marker,55,0.875,val,43,intervention,text,100,70,14,16,0.84,0.666667
Qwen_Qwen2.5-VL-32B-Instruct,mscoco,marker,55,0.875,val,44,baseline,image,100,98,2,0,1.0,0.96
Qwen_Qwen2.5-VL-32B-Instruct,mscoco,marker,55,0.875,val,44,baseline,text,100,99,1,0,1.0,0.98
Qwen_Qwen2.5-VL-32B-Instruct,mscoco,marker,55,0.875,val,44,intervention,image,100,93,5,2,0.98,0.897959
Qwen_Qwen2.5-VL-32B-Instruct,mscoco,marker,55,0.875,val,44,intervention,text,100,74,14,12,0.88,0.681818
Qwen_Qwen2.5-VL-32B-Instruct,mscoco,marker,63,1.0,val,42,baseline,image,100,98,2,0,1.0,0.96
Qwen_Qwen2.5-VL-32B-Instruct,mscoco,marker,63,1.0,val,42,baseline,text,100,99,1,0,1.0,0.98
Qwen_Qwen2.5-VL-32B-Instruct,mscoco,marker,63,1.0,val,42,intervention,image,100,93,3,4,0.96,0.9375
Qwen_Qwen2.5-VL-32B-Instruct,mscoco,marker,63,1.0,val,42,intervention,text,100,31,53,16,0.84,-0.261905
Qwen_Qwen2.5-VL-32B-Instruct,mscoco,marker,63,1.0,val,43,baseline,image,100,98,2,0,1.0,0.96
Qwen_Qwen2.5-VL-32B-Instruct,mscoco,marker,63,1.0,val,43,baseline,text,100,99,1,0,1.0,0.98
Qwen_Qwen2.5-VL-32B-Instruct,mscoco,marker,63,1.0,val,43,intervention,image,100,92,5,3,0.97,0.896907
Qwen_Qwen2.5-VL-32B-Instruct,mscoco,marker,63,1.0,val,43,intervention,text,100,36,49,15,0.85,-0.152941
Qwen_Qwen2.5-VL-32B-Instruct,mscoco,marker,63,1.0,val,44,baseline,image,100,98,2,0,1.0,0.96
Qwen_Qwen2.5-VL-32B-Instruct,mscoco,marker,63,1.0,val,44,baseline,text,100,99,1,0,1.0,0.98
Qwen_Qwen2.5-VL-32B-Instruct,mscoco,marker,63,1.0,val,44,intervention,image,100,91,3,6,0.94,0.93617
Qwen_Qwen2.5-VL-32B-Instruct,mscoco,marker,63,1.0,val,44,intervention,text,100,33,55,12,0.88,-0.25
google_gemma-3-12b-it,mscoco,baseline_first,0,0.0,val,42,baseline,image,100,100,0,0,1.0,1.0
google_gemma-3-12b-it,mscoco,baseline_first,0,0.0,val,42,baseline,text,100,100,0,0,1.0,1.0
google_gemma-3-12b-it,mscoco,baseline_first,0,0.0,val,42,intervention,image,100,100,0,0,1.0,1.0
google_gemma-3-12b-it,mscoco,baseline_first,0,0.0,val,42,intervention,text,100,100,0,0,1.0,1.0
google_gemma-3-12b-it,mscoco,baseline_first,0,0.0,val,43,baseline,image,100,100,0,0,1.0,1.0
google_gemma-3-12b-it,mscoco,baseline_first,0,0.0,val,43,baseline,text,100,100,0,0,1.0,1.0
google_gemma-3-12b-it,mscoco,baseline_first,0,0.0,val,43,intervention,image,100,100,0,0,1.0,1.0
google_gemma-3-12b-it,mscoco,baseline_first,0,0.0,val,43,intervention,text,100,99,1,0,1.0,0.98
google_gemma-3-12b-it,mscoco,baseline_first,0,0.0,val,44,baseline,image,100,100,0,0,1.0,1.0
google_gemma-3-12b-it,mscoco,baseline_first,0,0.0,val,44,baseline,text,100,100,0,0,1.0,1.0
google_gemma-3-12b-it,mscoco,baseline_first,0,0.0,val,44,intervention,image,100,100,0,0,1.0,1.0
google_gemma-3-12b-it,mscoco,baseline_first,0,0.0,val,44,intervention,text,100,100,0,0,1.0,1.0
google_gemma-3-12b-it,mscoco,baseline_first,6,0.125,val,42,baseline,image,100,100,0,0,1.0,1.0
google_gemma-3-12b-it,mscoco,baseline_first,6,0.125,val,42,baseline,text,100,100,0,0,1.0,1.0
google_gemma-3-12b-it,mscoco,baseline_first,6,0.125,val,42,intervention,image,100,71,0,29,0.71,1.0
google_gemma-3-12b-it,mscoco,baseline_first,6,0.125,val,42,intervention,text,100,53,6,41,0.59,0.79661
google_gemma-3-12b-it,mscoco,baseline_first,6,0.125,val,43,baseline,image,100,100,0,0,1.0,1.0
google_gemma-3-12b-it,mscoco,baseline_first,6,0.125,val,43,baseline,text,100,100,0,0,1.0,1.0
google_gemma-3-12b-it,mscoco,baseline_first,6,0.125,val,43,intervention,image,100,80,1,19,0.81,0.975309
google_gemma-3-12b-it,mscoco,baseline_first,6,0.125,val,43,intervention,text,100,43,9,48,0.52,0.653846
google_gemma-3-12b-it,mscoco,baseline_first,6,0.125,val,44,baseline,image,100,100,0,0,1.0,1.0
google_gemma-3-12b-it,mscoco,baseline_first,6,0.125,val,44,baseline,text,100,100,0,0,1.0,1.0
google_gemma-3-12b-it,mscoco,baseline_first,6,0.125,val,44,intervention,image,100,85,1,14,0.86,0.976744
google_gemma-3-12b-it,mscoco,baseline_first,6,0.125,val,44,intervention,text,100,56,11,33,0.67,0.671642
google_gemma-3-12b-it,mscoco,baseline_first,12,0.25,val,42,baseline,image,100,100,0,0,1.0,1.0
google_gemma-3-12b-it,mscoco,baseline_first,12,0.25,val,42,baseline,text,100,100,0,0,1.0,1.0
google_gemma-3-12b-it,mscoco,baseline_first,12,0.25,val,42,intervention,image,100,93,7,0,1.0,0.86
google_gemma-3-12b-it,mscoco,baseline_first,12,0.25,val,42,intervention,text,100,82,17,1,0.99,0.656566
google_gemma-3-12b-it,mscoco,baseline_first,12,0.25,val,43,baseline,image,100,100,0,0,1.0,1.0
google_gemma-3-12b-it,mscoco,baseline_first,12,0.25,val,43,baseline,text,100,100,0,0,1.0,1.0
google_gemma-3-12b-it,mscoco,baseline_first,12,0.25,val,43,intervention,image,100,92,7,1,0.99,0.858586
google_gemma-3-12b-it,mscoco,baseline_first,12,0.25,val,43,intervention,text,100,84,11,5,0.95,0.768421
google_gemma-3-12b-it,mscoco,baseline_first,12,0.25,val,44,baseline,image,100,100,0,0,1.0,1.0
google_gemma-3-12b-it,mscoco,baseline_first,12,0.25,val,44,baseline,text,100,100,0,0,1.0,1.0
google_gemma-3-12b-it,mscoco,baseline_first,12,0.25,val,44,intervention,image,100,91,7,2,0.98,0.857143
google_gemma-3-12b-it,mscoco,baseline_first,12,0.25,val,44,intervention,text,100,81,18,1,0.99,0.636364
google_gemma-3-12b-it,mscoco,baseline_first,18,0.375,val,42,baseline,image,100,100,0,0,1.0,1.0
google_gemma-3-12b-it,mscoco,baseline_first,18,0.375,val,42,baseline,text,100,100,0,0,1.0,1.0
google_gemma-3-12b-it,mscoco,baseline_first,18,0.375,val,42,intervention,image,100,85,12,3,0.97,0.752577
google_gemma-3-12b-it,mscoco,baseline_first,18,0.375,val,42,intervention,text,100,94,6,0,1.0,0.88
google_gemma-3-12b-it,mscoco,baseline_first,18,0.375,val,43,baseline,image,100,100,0,0,1.0,1.0
google_gemma-3-12b-it,mscoco,baseline_first,18,0.375,val,43,baseline,text,100,100,0,0,1.0,1.0
google_gemma-3-12b-it,mscoco,baseline_first,18,0.375,val,43,intervention,image,100,88,11,1,0.99,0.777778
google_gemma-3-12b-it,mscoco,baseline_first,18,0.375,val,43,intervention,text,100,94,6,0,1.0,0.88
google_gemma-3-12b-it,mscoco,baseline_first,18,0.375,val,44,baseline,image,100,100,0,0,1.0,1.0
google_gemma-3-12b-it,mscoco,baseline_first,18,0.375,val,44,baseline,text,100,100,0,0,1.0,1.0
google_gemma-3-12b-it,mscoco,baseline_first,18,0.375,val,44,intervention,image,100,89,10,1,0.99,0.79798
google_gemma-3-12b-it,mscoco,baseline_first,18,0.375,val,44,intervention,text,100,94,6,0,1.0,0.88
google_gemma-3-12b-it,mscoco,baseline_first,24,0.5,val,42,baseline,image,100,100,0,0,1.0,1.0
google_gemma-3-12b-it,mscoco,baseline_first,24,0.5,val,42,baseline,text,100,100,0,0,1.0,1.0
google_gemma-3-12b-it,mscoco,baseline_first,24,0.5,val,42,intervention,image,100,100,0,0,1.0,1.0
google_gemma-3-12b-it,mscoco,baseline_first,24,0.5,val,42,intervention,text,100,100,0,0,1.0,1.0
google_gemma-3-12b-it,mscoco,baseline_first,24,0.5,val,43,baseline,image,100,100,0,0,1.0,1.0
google_gemma-3-12b-it,mscoco,baseline_first,24,0.5,val,43,baseline,text,100,100,0,0,1.0,1.0
google_gemma-3-12b-it,mscoco,baseline_first,24,0.5,val,43,intervention,image,100,100,0,0,1.0,1.0
google_gemma-3-12b-it,mscoco,baseline_first,24,0.5,val,43,intervention,text,100,100,0,0,1.0,1.0
google_gemma-3-12b-it,mscoco,baseline_first,24,0.5,val,44,baseline,image,100,100,0,0,1.0,1.0
google_gemma-3-12b-it,mscoco,baseline_first,24,0.5,val,44,baseline,text,100,100,0,0,1.0,1.0
google_gemma-3-12b-it,mscoco,baseline_first,24,0.5,val,44,intervention,image,100,100,0,0,1.0,1.0
google_gemma-3-12b-it,mscoco,baseline_first,24,0.5,val,44,intervention,text,100,100,0,0,1.0,1.0
google_gemma-3-12b-it,mscoco,baseline_first,29,0.625,val,42,baseline,image,100,100,0,0,1.0,1.0
google_gemma-3-12b-it,mscoco,baseline_first,29,0.625,val,42,baseline,text,100,100,0,0,1.0,1.0
google_gemma-3-12b-it,mscoco,baseline_first,29,0.625,val,42,intervention,image,100,100,0,0,1.0,1.0
google_gemma-3-12b-it,mscoco,baseline_first,29,0.625,val,42,intervention,text,100,100,0,0,1.0,1.0
google_gemma-3-12b-it,mscoco,baseline_first,29,0.625,val,43,baseline,image,100,100,0,0,1.0,1.0
google_gemma-3-12b-it,mscoco,baseline_first,29,0.625,val,43,baseline,text,100,100,0,0,1.0,1.0
google_gemma-3-12b-it,mscoco,baseline_first,29,0.625,val,43,intervention,image,100,100,0,0,1.0,1.0
google_gemma-3-12b-it,mscoco,baseline_first,29,0.625,val,43,intervention,text,100,100,0,0,1.0,1.0
google_gemma-3-12b-it,mscoco,baseline_first,29,0.625,val,44,baseline,image,100,100,0,0,1.0,1.0
google_gemma-3-12b-it,mscoco,baseline_first,29,0.625,val,44,baseline,text,100,100,0,0,1.0,1.0
google_gemma-3-12b-it,mscoco,baseline_first,29,0.625,val,44,intervention,image,100,100,0,0,1.0,1.0
google_gemma-3-12b-it,mscoco,baseline_first,29,0.625,val,44,intervention,text,100,100,0,0,1.0,1.0
google_gemma-3-12b-it,mscoco,baseline_first,35,0.75,val,42,baseline,image,100,100,0,0,1.0,1.0
google_gemma-3-12b-it,mscoco,baseline_first,35,0.75,val,42,baseline,text,100,100,0,0,1.0,1.0
google_gemma-3-12b-it,mscoco,baseline_first,35,0.75,val,42,intervention,image,100,100,0,0,1.0,1.0
google_gemma-3-12b-it,mscoco,baseline_first,35,0.75,val,42,intervention,text,100,100,0,0,1.0,1.0
google_gemma-3-12b-it,mscoco,baseline_first,35,0.75,val,43,baseline,image,100,100,0,0,1.0,1.0
google_gemma-3-12b-it,mscoco,baseline_first,35,0.75,val,43,baseline,text,100,100,0,0,1.0,1.0
google_gemma-3-12b-it,mscoco,baseline_first,35,0.75,val,43,intervention,image,100,100,0,0,1.0,1.0
google_gemma-3-12b-it,mscoco,baseline_first,35,0.75,val,43,intervention,text,100,100,0,0,1.0,1.0
google_gemma-3-12b-it,mscoco,baseline_first,35,0.75,val,44,baseline,image,100,100,0,0,1.0,1.0
google_gemma-3-12b-it,mscoco,baseline_first,35,0.75,val,44,baseline,text,100,100,0,0,1.0,1.0
google_gemma-3-12b-it,mscoco,baseline_first,35,0.75,val,44,intervention,image,100,100,0,0,1.0,1.0
google_gemma-3-12b-it,mscoco,baseline_first,35,0.75,val,44,intervention,text,100,100,0,0,1.0,1.0
google_gemma-3-12b-it,mscoco,baseline_first,41,0.875,val,42,baseline,image,100,100,0,0,1.0,1.0
google_gemma-3-12b-it,mscoco,baseline_first,41,0.875,val,42,baseline,text,100,100,0,0,1.0,1.0
google_gemma-3-12b-it,mscoco,baseline_first,41,0.875,val,42,intervention,image,100,100,0,0,1.0,1.0
google_gemma-3-12b-it,mscoco,baseline_first,41,0.875,val,42,intervention,text,100,100,0,0,1.0,1.0
google_gemma-3-12b-it,mscoco,baseline_first,41,0.875,val,43,baseline,image,100,100,0,0,1.0,1.0
google_gemma-3-12b-it,mscoco,baseline_first,41,0.875,val,43,baseline,text,100,100,0,0,1.0,1.0
google_gemma-3-12b-it,mscoco,baseline_first,41,0.875,val,43,intervention,image,100,100,0,0,1.0,1.0
google_gemma-3-12b-it,mscoco,baseline_first,41,0.875,val,43,intervention,text,100,100,0,0,1.0,1.0
google_gemma-3-12b-it,mscoco,baseline_first,41,0.875,val,44,baseline,image,100,100,0,0,1.0,1.0
google_gemma-3-12b-it,mscoco,baseline_first,41,0.875,val,44,baseline,text,100,100,0,0,1.0,1.0
google_gemma-3-12b-it,mscoco,baseline_first,41,0.875,val,44,intervention,image,100,100,0,0,1.0,1.0
google_gemma-3-12b-it,mscoco,baseline_first,41,0.875,val,44,intervention,text,100,100,0,0,1.0,1.0
google_gemma-3-12b-it,mscoco,baseline_first,47,1.0,val,42,baseline,image,100,100,0,0,1.0,1.0
google_gemma-3-12b-it,mscoco,baseline_first,47,1.0,val,42,baseline,text,100,100,0,0,1.0,1.0
google_gemma-3-12b-it,mscoco,baseline_first,47,1.0,val,42,intervention,image,100,100,0,0,1.0,1.0
google_gemma-3-12b-it,mscoco,baseline_first,47,1.0,val,42,intervention,text,100,100,0,0,1.0,1.0
google_gemma-3-12b-it,mscoco,baseline_first,47,1.0,val,43,baseline,image,100,100,0,0,1.0,1.0
google_gemma-3-12b-it,mscoco,baseline_first,47,1.0,val,43,baseline,text,100,100,0,0,1.0,1.0
google_gemma-3-12b-it,mscoco,baseline_first,47,1.0,val,43,intervention,image,100,100,0,0,1.0,1.0
google_gemma-3-12b-it,mscoco,baseline_first,47,1.0,val,43,intervention,text,100,100,0,0,1.0,1.0
google_gemma-3-12b-it,mscoco,baseline_first,47,1.0,val,44,baseline,image,100,100,0,0,1.0,1.0
google_gemma-3-12b-it,mscoco,baseline_first,47,1.0,val,44,baseline,text,100,100,0,0,1.0,1.0
google_gemma-3-12b-it,mscoco,baseline_first,47,1.0,val,44,intervention,image,100,100,0,0,1.0,1.0
google_gemma-3-12b-it,mscoco,baseline_first,47,1.0,val,44,intervention,text,100,100,0,0,1.0,1.0
google_gemma-3-12b-it,mscoco,baseline_last,0,0.0,val,42,baseline,image,100,100,0,0,1.0,1.0
google_gemma-3-12b-it,mscoco,baseline_last,0,0.0,val,42,baseline,text,100,100,0,0,1.0,1.0
google_gemma-3-12b-it,mscoco,baseline_last,0,0.0,val,42,intervention,image,100,61,39,0,1.0,0.22
google_gemma-3-12b-it,mscoco,baseline_last,0,0.0,val,42,intervention,text,100,94,6,0,1.0,0.88
google_gemma-3-12b-it,mscoco,baseline_last,0,0.0,val,43,baseline,image,100,100,0,0,1.0,1.0
google_gemma-3-12b-it,mscoco,baseline_last,0,0.0,val,43,baseline,text,100,100,0,0,1.0,1.0
google_gemma-3-12b-it,mscoco,baseline_last,0,0.0,val,43,intervention,image,100,33,54,13,0.87,-0.241379
google_gemma-3-12b-it,mscoco,baseline_last,0,0.0,val,43,intervention,text,100,94,0,6,0.94,1.0
google_gemma-3-12b-it,mscoco,baseline_last,0,0.0,val,44,baseline,image,100,100,0,0,1.0,1.0
google_gemma-3-12b-it,mscoco,baseline_last,0,0.0,val,44,baseline,text,100,100,0,0,1.0,1.0
google_gemma-3-12b-it,mscoco,baseline_last,0,0.0,val,44,intervention,image,100,46,51,3,0.97,-0.051546
google_gemma-3-12b-it,mscoco,baseline_last,0,0.0,val,44,intervention,text,100,100,0,0,1.0,1.0
google_gemma-3-12b-it,mscoco,baseline_last,6,0.125,val,42,baseline,image,100,100,0,0,1.0,1.0
google_gemma-3-12b-it,mscoco,baseline_last,6,0.125,val,42,baseline,text,100,100,0,0,1.0,1.0
google_gemma-3-12b-it,mscoco,baseline_last,6,0.125,val,42,intervention,image,100,97,2,1,0.99,0.959596
google_gemma-3-12b-it,mscoco,baseline_last,6,0.125,val,42,intervention,text,100,99,1,0,1.0,0.98
google_gemma-3-12b-it,mscoco,baseline_last,6,0.125,val,43,baseline,image,100,100,0,0,1.0,1.0
google_gemma-3-12b-it,mscoco,baseline_last,6,0.125,val,43,baseline,text,100,100,0,0,1.0,1.0
google_gemma-3-12b-it,mscoco,baseline_last,6,0.125,val,43,intervention,image,100,95,5,0,1.0,0.9
google_gemma-3-12b-it,mscoco,baseline_last,6,0.125,val,43,intervention,text,100,99,1,0,1.0,0.98
google_gemma-3-12b-it,mscoco,baseline_last,6,0.125,val,44,baseline,image,100,100,0,0,1.0,1.0
google_gemma-3-12b-it,mscoco,baseline_last,6,0.125,val,44,baseline,text,100,100,0,0,1.0,1.0
google_gemma-3-12b-it,mscoco,baseline_last,6,0.125,val,44,intervention,image,100,96,3,1,0.99,0.939394
google_gemma-3-12b-it,mscoco,baseline_last,6,0.125,val,44,intervention,text,100,99,1,0,1.0,0.98
google_gemma-3-12b-it,mscoco,baseline_last,12,0.25,val,42,baseline,image,100,100,0,0,1.0,1.0
google_gemma-3-12b-it,mscoco,baseline_last,12,0.25,val,42,baseline,text,100,100,0,0,1.0,1.0
google_gemma-3-12b-it,mscoco,baseline_last,12,0.25,val,42,intervention,image,100,87,9,4,0.96,0.8125
google_gemma-3-12b-it,mscoco,baseline_last,12,0.25,val,42,intervention,text,100,95,5,0,1.0,0.9
google_gemma-3-12b-it,mscoco,baseline_last,12,0.25,val,43,baseline,image,100,100,0,0,1.0,1.0
google_gemma-3-12b-it,mscoco,baseline_last,12,0.25,val,43,baseline,text,100,100,0,0,1.0,1.0
google_gemma-3-12b-it,mscoco,baseline_last,12,0.25,val,43,intervention,image,100,87,11,2,0.98,0.77551
google_gemma-3-12b-it,mscoco,baseline_last,12,0.25,val,43,intervention,text,100,93,7,0,1.0,0.86
google_gemma-3-12b-it,mscoco,baseline_last,12,0.25,val,44,baseline,image,100,100,0,0,1.0,1.0
google_gemma-3-12b-it,mscoco,baseline_last,12,0.25,val,44,baseline,text,100,100,0,0,1.0,1.0
google_gemma-3-12b-it,mscoco,baseline_last,12,0.25,val,44,intervention,image,100,90,8,2,0.98,0.836735
google_gemma-3-12b-it,mscoco,baseline_last,12,0.25,val,44,intervention,text,100,94,6,0,1.0,0.88
google_gemma-3-12b-it,mscoco,baseline_last,18,0.375,val,42,baseline,image,100,100,0,0,1.0,1.0
google_gemma-3-12b-it,mscoco,baseline_last,18,0.375,val,42,baseline,text,100,100,0,0,1.0,1.0
google_gemma-3-12b-it,mscoco,baseline_last,18,0.375,val,42,intervention,image,100,99,1,0,1.0,0.98
google_gemma-3-12b-it,mscoco,baseline_last,18,0.375,val,42,intervention,text,100,94,6,0,1.0,0.88
google_gemma-3-12b-it,mscoco,baseline_last,18,0.375,val,43,baseline,image,100,100,0,0,1.0,1.0
google_gemma-3-12b-it,mscoco,baseline_last,18,0.375,val,43,baseline,text,100,100,0,0,1.0,1.0
google_gemma-3-12b-it,mscoco,baseline_last,18,0.375,val,43,intervention,image,100,99,1,0,1.0,0.98
google_gemma-3-12b-it,mscoco,baseline_last,18,0.375,val,43,intervention,text,100,96,4,0,1.0,0.92
google_gemma-3-12b-it,mscoco,baseline_last,18,0.375,val,44,baseline,image,100,100,0,0,1.0,1.0
google_gemma-3-12b-it,mscoco,baseline_last,18,0.375,val,44,baseline,text,100,100,0,0,1.0,1.0
google_gemma-3-12b-it,mscoco,baseline_last,18,0.375,val,44,intervention,image,100,99,1,0,1.0,0.98
google_gemma-3-12b-it,mscoco,baseline_last,18,0.375,val,44,intervention,text,100,95,4,1,0.99,0.919192
google_gemma-3-12b-it,mscoco,baseline_last,24,0.5,val,42,baseline,image,100,100,0,0,1.0,1.0
google_gemma-3-12b-it,mscoco,baseline_last,24,0.5,val,42,baseline,text,100,100,0,0,1.0,1.0
google_gemma-3-12b-it,mscoco,baseline_last,24,0.5,val,42,intervention,image,100,100,0,0,1.0,1.0
google_gemma-3-12b-it,mscoco,baseline_last,24,0.5,val,42,intervention,text,100,100,0,0,1.0,1.0
google_gemma-3-12b-it,mscoco,baseline_last,24,0.5,val,43,baseline,image,100,100,0,0,1.0,1.0
google_gemma-3-12b-it,mscoco,baseline_last,24,0.5,val,43,baseline,text,100,100,0,0,1.0,1.0
google_gemma-3-12b-it,mscoco,baseline_last,24,0.5,val,43,intervention,image,100,100,0,0,1.0,1.0
google_gemma-3-12b-it,mscoco,baseline_last,24,0.5,val,43,intervention,text,100,100,0,0,1.0,1.0
google_gemma-3-12b-it,mscoco,baseline_last,24,0.5,val,44,baseline,image,100,100,0,0,1.0,1.0
google_gemma-3-12b-it,mscoco,baseline_last,24,0.5,val,44,baseline,text,100,100,0,0,1.0,1.0
google_gemma-3-12b-it,mscoco,baseline_last,24,0.5,val,44,intervention,image,100,100,0,0,1.0,1.0
google_gemma-3-12b-it,mscoco,baseline_last,24,0.5,val,44,intervention,text,100,100,0,0,1.0,1.0
google_gemma-3-12b-it,mscoco,baseline_last,29,0.625,val,42,baseline,image,100,100,0,0,1.0,1.0
google_gemma-3-12b-it,mscoco,baseline_last,29,0.625,val,42,baseline,text,100,100,0,0,1.0,1.0
google_gemma-3-12b-it,mscoco,baseline_last,29,0.625,val,42,intervention,image,100,100,0,0,1.0,1.0
google_gemma-3-12b-it,mscoco,baseline_last,29,0.625,val,42,intervention,text,100,100,0,0,1.0,1.0
google_gemma-3-12b-it,mscoco,baseline_last,29,0.625,val,43,baseline,image,100,100,0,0,1.0,1.0
google_gemma-3-12b-it,mscoco,baseline_last,29,0.625,val,43,baseline,text,100,100,0,0,1.0,1.0
google_gemma-3-12b-it,mscoco,baseline_last,29,0.625,val,43,intervention,image,100,100,0,0,1.0,1.0
google_gemma-3-12b-it,mscoco,baseline_last,29,0.625,val,43,intervention,text,100,100,0,0,1.0,1.0
google_gemma-3-12b-it,mscoco,baseline_last,29,0.625,val,44,baseline,image,100,100,0,0,1.0,1.0
google_gemma-3-12b-it,mscoco,baseline_last,29,0.625,val,44,baseline,text,100,100,0,0,1.0,1.0
google_gemma-3-12b-it,mscoco,baseline_last,29,0.625,val,44,intervention,image,100,100,0,0,1.0,1.0
google_gemma-3-12b-it,mscoco,baseline_last,29,0.625,val,44,intervention,text,100,100,0,0,1.0,1.0
google_gemma-3-12b-it,mscoco,baseline_last,35,0.75,val,42,baseline,image,100,100,0,0,1.0,1.0
google_gemma-3-12b-it,mscoco,baseline_last,35,0.75,val,42,baseline,text,100,100,0,0,1.0,1.0
google_gemma-3-12b-it,mscoco,baseline_last,35,0.75,val,42,intervention,image,100,100,0,0,1.0,1.0
google_gemma-3-12b-it,mscoco,baseline_last,35,0.75,val,42,intervention,text,100,100,0,0,1.0,1.0
google_gemma-3-12b-it,mscoco,baseline_last,35,0.75,val,43,baseline,image,100,100,0,0,1.0,1.0
google_gemma-3-12b-it,mscoco,baseline_last,35,0.75,val,43,baseline,text,100,100,0,0,1.0,1.0
google_gemma-3-12b-it,mscoco,baseline_last,35,0.75,val,43,intervention,image,100,100,0,0,1.0,1.0
google_gemma-3-12b-it,mscoco,baseline_last,35,0.75,val,43,intervention,text,100,100,0,0,1.0,1.0
google_gemma-3-12b-it,mscoco,baseline_last,35,0.75,val,44,baseline,image,100,100,0,0,1.0,1.0
google_gemma-3-12b-it,mscoco,baseline_last,35,0.75,val,44,baseline,text,100,100,0,0,1.0,1.0
google_gemma-3-12b-it,mscoco,baseline_last,35,0.75,val,44,intervention,image,100,100,0,0,1.0,1.0
google_gemma-3-12b-it,mscoco,baseline_last,35,0.75,val,44,intervention,text,100,100,0,0,1.0,1.0
google_gemma-3-12b-it,mscoco,baseline_last,41,0.875,val,42,baseline,image,100,100,0,0,1.0,1.0
google_gemma-3-12b-it,mscoco,baseline_last,41,0.875,val,42,baseline,text,100,100,0,0,1.0,1.0
google_gemma-3-12b-it,mscoco,baseline_last,41,0.875,val,42,intervention,image,100,100,0,0,1.0,1.0
google_gemma-3-12b-it,mscoco,baseline_last,41,0.875,val,42,intervention,text,100,100,0,0,1.0,1.0
google_gemma-3-12b-it,mscoco,baseline_last,41,0.875,val,43,baseline,image,100,100,0,0,1.0,1.0
google_gemma-3-12b-it,mscoco,baseline_last,41,0.875,val,43,baseline,text,100,100,0,0,1.0,1.0
google_gemma-3-12b-it,mscoco,baseline_last,41,0.875,val,43,intervention,image,100,100,0,0,1.0,1.0
google_gemma-3-12b-it,mscoco,baseline_last,41,0.875,val,43,intervention,text,100,100,0,0,1.0,1.0
google_gemma-3-12b-it,mscoco,baseline_last,41,0.875,val,44,baseline,image,100,100,0,0,1.0,1.0
google_gemma-3-12b-it,mscoco,baseline_last,41,0.875,val,44,baseline,text,100,100,0,0,1.0,1.0
google_gemma-3-12b-it,mscoco,baseline_last,41,0.875,val,44,intervention,image,100,100,0,0,1.0,1.0
google_gemma-3-12b-it,mscoco,baseline_last,41,0.875,val,44,intervention,text,100,100,0,0,1.0,1.0
google_gemma-3-12b-it,mscoco,baseline_last,47,1.0,val,42,baseline,image,100,100,0,0,1.0,1.0
google_gemma-3-12b-it,mscoco,baseline_last,47,1.0,val,42,baseline,text,100,100,0,0,1.0,1.0
google_gemma-3-12b-it,mscoco,baseline_last,47,1.0,val,42,intervention,image,100,100,0,0,1.0,1.0
google_gemma-3-12b-it,mscoco,baseline_last,47,1.0,val,42,intervention,text,100,100,0,0,1.0,1.0
google_gemma-3-12b-it,mscoco,baseline_last,47,1.0,val,43,baseline,image,100,100,0,0,1.0,1.0
google_gemma-3-12b-it,mscoco,baseline_last,47,1.0,val,43,baseline,text,100,100,0,0,1.0,1.0
google_gemma-3-12b-it,mscoco,baseline_last,47,1.0,val,43,intervention,image,100,100,0,0,1.0,1.0
google_gemma-3-12b-it,mscoco,baseline_last,47,1.0,val,43,intervention,text,100,100,0,0,1.0,1.0
google_gemma-3-12b-it,mscoco,baseline_last,47,1.0,val,44,baseline,image,100,100,0,0,1.0,1.0
google_gemma-3-12b-it,mscoco,baseline_last,47,1.0,val,44,baseline,text,100,100,0,0,1.0,1.0
google_gemma-3-12b-it,mscoco,baseline_last,47,1.0,val,44,intervention,image,100,100,0,0,1.0,1.0
google_gemma-3-12b-it,mscoco,baseline_last,47,1.0,val,44,intervention,text,100,100,0,0,1.0,1.0
google_gemma-3-12b-it,mscoco,content,0,0.0,val,42,baseline,image,100,100,0,0,1.0,1.0
google_gemma-3-12b-it,mscoco,content,0,0.0,val,42,baseline,text,100,100,0,0,1.0,1.0
google_gemma-3-12b-it,mscoco,content,0,0.0,val,42,intervention,image,100,83,15,2,0.98,0.693878
google_gemma-3-12b-it,mscoco,content,0,0.0,val,42,intervention,text,100,42,52,6,0.94,-0.106383
google_gemma-3-12b-it,mscoco,content,0,0.0,val,43,baseline,image,100,100,0,0,1.0,1.0
google_gemma-3-12b-it,mscoco,content,0,0.0,val,43,baseline,text,100,100,0,0,1.0,1.0
google_gemma-3-12b-it,mscoco,content,0,0.0,val,43,intervention,image,100,72,23,5,0.95,0.515789
google_gemma-3-12b-it,mscoco,content,0,0.0,val,43,intervention,text,100,67,26,7,0.93,0.44086
google_gemma-3-12b-it,mscoco,content,0,0.0,val,44,baseline,image,100,100,0,0,1.0,1.0
google_gemma-3-12b-it,mscoco,content,0,0.0,val,44,baseline,text,100,100,0,0,1.0,1.0
google_gemma-3-12b-it,mscoco,content,0,0.0,val,44,intervention,image,100,98,2,0,1.0,0.96
google_gemma-3-12b-it,mscoco,content,0,0.0,val,44,intervention,text,100,86,9,5,0.95,0.810526
google_gemma-3-12b-it,mscoco,content,6,0.125,val,42,baseline,image,100,100,0,0,1.0,1.0
google_gemma-3-12b-it,mscoco,content,6,0.125,val,42,baseline,text,100,100,0,0,1.0,1.0
google_gemma-3-12b-it,mscoco,content,6,0.125,val,42,intervention,image,100,60,40,0,1.0,0.2
google_gemma-3-12b-it,mscoco,content,6,0.125,val,42,intervention,text,100,36,64,0,1.0,-0.28
google_gemma-3-12b-it,mscoco,content,6,0.125,val,43,baseline,image,100,100,0,0,1.0,1.0
google_gemma-3-12b-it,mscoco,content,6,0.125,val,43,baseline,text,100,100,0,0,1.0,1.0
google_gemma-3-12b-it,mscoco,content,6,0.125,val,43,intervention,image,100,87,13,0,1.0,0.74
google_gemma-3-12b-it,mscoco,content,6,0.125,val,43,intervention,text,100,53,47,0,1.0,0.06
google_gemma-3-12b-it,mscoco,content,6,0.125,val,44,baseline,image,100,100,0,0,1.0,1.0
google_gemma-3-12b-it,mscoco,content,6,0.125,val,44,baseline,text,100,100,0,0,1.0,1.0
google_gemma-3-12b-it,mscoco,content,6,0.125,val,44,intervention,image,100,92,8,0,1.0,0.84
google_gemma-3-12b-it,mscoco,content,6,0.125,val,44,intervention,text,100,57,40,3,0.97,0.175258
google_gemma-3-12b-it,mscoco,content,12,0.25,val,42,baseline,image,100,100,0,0,1.0,1.0
google_gemma-3-12b-it,mscoco,content,12,0.25,val,42,baseline,text,100,100,0,0,1.0,1.0
google_gemma-3-12b-it,mscoco,content,12,0.25,val,42,intervention,image,100,63,29,8,0.92,0.369565
google_gemma-3-12b-it,mscoco,content,12,0.25,val,42,intervention,text,100,75,17,8,0.92,0.630435
google_gemma-3-12b-it,mscoco,content,12,0.25,val,43,baseline,image,100,100,0,0,1.0,1.0
google_gemma-3-12b-it,mscoco,content,12,0.25,val,43,baseline,text,100,100,0,0,1.0,1.0
google_gemma-3-12b-it,mscoco,content,12,0.25,val,43,intervention,image,100,42,38,20,0.8,0.05
google_gemma-3-12b-it,mscoco,content,12,0.25,val,43,intervention,text,100,67,11,22,0.78,0.717949
google_gemma-3-12b-it,mscoco,content,12,0.25,val,44,baseline,image,100,100,0,0,1.0,1.0
google_gemma-3-12b-it,mscoco,content,12,0.25,val,44,baseline,text,100,100,0,0,1.0,1.0
google_gemma-3-12b-it,mscoco,content,12,0.25,val,44,intervention,image,100,53,37,10,0.9,0.177778
google_gemma-3-12b-it,mscoco,content,12,0.25,val,44,intervention,text,100,84,9,7,0.93,0.806452
google_gemma-3-12b-it,mscoco,content,18,0.375,val,42,baseline,image,100,100,0,0,1.0,1.0
google_gemma-3-12b-it,mscoco,content,18,0.375,val,42,baseline,text,100,100,0,0,1.0,1.0
google_gemma-3-12b-it,mscoco,content,18,0.375,val,42,intervention,image,100,40,45,15,0.85,-0.058824
google_gemma-3-12b-it,mscoco,content,18,0.375,val,42,intervention,text,100,86,5,9,0.91,0.89011
google_gemma-3-12b-it,mscoco,content,18,0.375,val,43,baseline,image,100,100,0,0,1.0,1.0
google_gemma-3-12b-it,mscoco,content,18,0.375,val,43,baseline,text,100,100,0,0,1.0,1.0
google_gemma-3-12b-it,mscoco,content,18,0.375,val,43,intervention,image,100,40,48,12,0.88,-0.090909
google_gemma-3-12b-it,mscoco,content,18,0.375,val,43,intervention,text,100,87,4,9,0.91,0.912088
google_gemma-3-12b-it,mscoco,content,18,0.375,val,44,baseline,image,100,100,0,0,1.0,1.0
google_gemma-3-12b-it,mscoco,content,18,0.375,val,44,baseline,text,100,100,0,0,1.0,1.0
google_gemma-3-12b-it,mscoco,content,18,0.375,val,44,intervention,image,100,38,50,12,0.88,-0.136364
google_gemma-3-12b-it,mscoco,content,18,0.375,val,44,intervention,text,100,85,6,9,0.91,0.868132
google_gemma-3-12b-it,mscoco,content,24,0.5,val,42,baseline,image,100,100,0,0,1.0,1.0
google_gemma-3-12b-it,mscoco,content,24,0.5,val,42,baseline,text,100,100,0,0,1.0,1.0
google_gemma-3-12b-it,mscoco,content,24,0.5,val,42,intervention,image,100,98,1,1,0.99,0.979798
google_gemma-3-12b-it,mscoco,content,24,0.5,val,42,intervention,text,100,100,0,0,1.0,1.0
google_gemma-3-12b-it,mscoco,content,24,0.5,val,43,baseline,image,100,100,0,0,1.0,1.0
google_gemma-3-12b-it,mscoco,content,24,0.5,val,43,baseline,text,100,100,0,0,1.0,1.0
google_gemma-3-12b-it,mscoco,content,24,0.5,val,43,intervention,image,100,98,1,1,0.99,0.979798
google_gemma-3-12b-it,mscoco,content,24,0.5,val,43,intervention,text,100,100,0,0,1.0,1.0
google_gemma-3-12b-it,mscoco,content,24,0.5,val,44,baseline,image,100,100,0,0,1.0,1.0
google_gemma-3-12b-it,mscoco,content,24,0.5,val,44,baseline,text,100,100,0,0,1.0,1.0
google_gemma-3-12b-it,mscoco,content,24,0.5,val,44,intervention,image,100,98,1,1,0.99,0.979798
google_gemma-3-12b-it,mscoco,content,24,0.5,val,44,intervention,text,100,100,0,0,1.0,1.0
google_gemma-3-12b-it,mscoco,content,29,0.625,val,42,baseline,image,100,100,0,0,1.0,1.0
google_gemma-3-12b-it,mscoco,content,29,0.625,val,42,baseline,text,100,100,0,0,1.0,1.0
google_gemma-3-12b-it,mscoco,content,29,0.625,val,42,intervention,image,100,100,0,0,1.0,1.0
google_gemma-3-12b-it,mscoco,content,29,0.625,val,42,intervention,text,100,100,0,0,1.0,1.0
google_gemma-3-12b-it,mscoco,content,29,0.625,val,43,baseline,image,100,100,0,0,1.0,1.0
google_gemma-3-12b-it,mscoco,content,29,0.625,val,43,baseline,text,100,100,0,0,1.0,1.0
google_gemma-3-12b-it,mscoco,content,29,0.625,val,43,intervention,image,100,100,0,0,1.0,1.0
google_gemma-3-12b-it,mscoco,content,29,0.625,val,43,intervention,text,100,100,0,0,1.0,1.0
google_gemma-3-12b-it,mscoco,content,29,0.625,val,44,baseline,image,100,100,0,0,1.0,1.0
google_gemma-3-12b-it,mscoco,content,29,0.625,val,44,baseline,text,100,100,0,0,1.0,1.0
google_gemma-3-12b-it,mscoco,content,29,0.625,val,44,intervention,image,100,100,0,0,1.0,1.0
google_gemma-3-12b-it,mscoco,content,29,0.625,val,44,intervention,text,100,100,0,0,1.0,1.0
google_gemma-3-12b-it,mscoco,content,35,0.75,val,42,baseline,image,100,100,0,0,1.0,1.0
google_gemma-3-12b-it,mscoco,content,35,0.75,val,42,baseline,text,100,100,0,0,1.0,1.0
google_gemma-3-12b-it,mscoco,content,35,0.75,val,42,intervention,image,100,100,0,0,1.0,1.0
google_gemma-3-12b-it,mscoco,content,35,0.75,val,42,intervention,text,100,100,0,0,1.0,1.0
google_gemma-3-12b-it,mscoco,content,35,0.75,val,43,baseline,image,100,100,0,0,1.0,1.0
google_gemma-3-12b-it,mscoco,content,35,0.75,val,43,baseline,text,100,100,0,0,1.0,1.0
google_gemma-3-12b-it,mscoco,content,35,0.75,val,43,intervention,image,100,100,0,0,1.0,1.0
google_gemma-3-12b-it,mscoco,content,35,0.75,val,43,intervention,text,100,100,0,0,1.0,1.0
google_gemma-3-12b-it,mscoco,content,35,0.75,val,44,baseline,image,100,100,0,0,1.0,1.0
google_gemma-3-12b-it,mscoco,content,35,0.75,val,44,baseline,text,100,100,0,0,1.0,1.0
google_gemma-3-12b-it,mscoco,content,35,0.75,val,44,intervention,image,100,100,0,0,1.0,1.0
google_gemma-3-12b-it,mscoco,content,35,0.75,val,44,intervention,text,100,100,0,0,1.0,1.0
google_gemma-3-12b-it,mscoco,content,41,0.875,val,42,baseline,image,100,100,0,0,1.0,1.0
google_gemma-3-12b-it,mscoco,content,41,0.875,val,42,baseline,text,100,100,0,0,1.0,1.0
google_gemma-3-12b-it,mscoco,content,41,0.875,val,42,intervention,image,100,100,0,0,1.0,1.0
google_gemma-3-12b-it,mscoco,content,41,0.875,val,42,intervention,text,100,100,0,0,1.0,1.0
google_gemma-3-12b-it,mscoco,content,41,0.875,val,43,baseline,image,100,100,0,0,1.0,1.0
google_gemma-3-12b-it,mscoco,content,41,0.875,val,43,baseline,text,100,100,0,0,1.0,1.0
google_gemma-3-12b-it,mscoco,content,41,0.875,val,43,intervention,image,100,100,0,0,1.0,1.0
google_gemma-3-12b-it,mscoco,content,41,0.875,val,43,intervention,text,100,100,0,0,1.0,1.0
google_gemma-3-12b-it,mscoco,content,41,0.875,val,44,baseline,image,100,100,0,0,1.0,1.0
google_gemma-3-12b-it,mscoco,content,41,0.875,val,44,baseline,text,100,100,0,0,1.0,1.0
google_gemma-3-12b-it,mscoco,content,41,0.875,val,44,intervention,image,100,100,0,0,1.0,1.0
google_gemma-3-12b-it,mscoco,content,41,0.875,val,44,intervention,text,100,100,0,0,1.0,1.0
google_gemma-3-12b-it,mscoco,content,47,1.0,val,42,baseline,image,100,100,0,0,1.0,1.0
google_gemma-3-12b-it,mscoco,content,47,1.0,val,42,baseline,text,100,100,0,0,1.0,1.0
google_gemma-3-12b-it,mscoco,content,47,1.0,val,42,intervention,image,100,100,0,0,1.0,1.0
google_gemma-3-12b-it,mscoco,content,47,1.0,val,42,intervention,text,100,100,0,0,1.0,1.0
google_gemma-3-12b-it,mscoco,content,47,1.0,val,43,baseline,image,100,100,0,0,1.0,1.0
google_gemma-3-12b-it,mscoco,content,47,1.0,val,43,baseline,text,100,100,0,0,1.0,1.0
google_gemma-3-12b-it,mscoco,content,47,1.0,val,43,intervention,image,100,100,0,0,1.0,1.0
google_gemma-3-12b-it,mscoco,content,47,1.0,val,43,intervention,text,100,100,0,0,1.0,1.0
google_gemma-3-12b-it,mscoco,content,47,1.0,val,44,baseline,image,100,100,0,0,1.0,1.0
google_gemma-3-12b-it,mscoco,content,47,1.0,val,44,baseline,text,100,100,0,0,1.0,1.0
google_gemma-3-12b-it,mscoco,content,47,1.0,val,44,intervention,image,100,100,0,0,1.0,1.0
google_gemma-3-12b-it,mscoco,content,47,1.0,val,44,intervention,text,100,100,0,0,1.0,1.0
google_gemma-3-12b-it,mscoco,marker,0,0.0,val,42,baseline,image,100,100,0,0,1.0,1.0
google_gemma-3-12b-it,mscoco,marker,0,0.0,val,42,baseline,text,100,100,0,0,1.0,1.0
google_gemma-3-12b-it,mscoco,marker,0,0.0,val,42,intervention,image,100,9,89,2,0.98,-0.816327
google_gemma-3-12b-it,mscoco,marker,0,0.0,val,42,intervention,text,100,24,64,12,0.88,-0.454545
google_gemma-3-12b-it,mscoco,marker,0,0.0,val,43,baseline,image,100,100,0,0,1.0,1.0
google_gemma-3-12b-it,mscoco,marker,0,0.0,val,43,baseline,text,100,100,0,0,1.0,1.0
google_gemma-3-12b-it,mscoco,marker,0,0.0,val,43,intervention,image,100,21,73,6,0.94,-0.553191
google_gemma-3-12b-it,mscoco,marker,0,0.0,val,43,intervention,text,100,40,51,9,0.91,-0.120879
google_gemma-3-12b-it,mscoco,marker,0,0.0,val,44,baseline,image,100,100,0,0,1.0,1.0
google_gemma-3-12b-it,mscoco,marker,0,0.0,val,44,baseline,text,100,100,0,0,1.0,1.0
google_gemma-3-12b-it,mscoco,marker,0,0.0,val,44,intervention,image,100,3,96,1,0.99,-0.939394
google_gemma-3-12b-it,mscoco,marker,0,0.0,val,44,intervention,text,100,9,88,3,0.97,-0.814433
google_gemma-3-12b-it,mscoco,marker,6,0.125,val,42,baseline,image,100,100,0,0,1.0,1.0
google_gemma-3-12b-it,mscoco,marker,6,0.125,val,42,baseline,text,100,100,0,0,1.0,1.0
google_gemma-3-12b-it,mscoco,marker,6,0.125,val,42,intervention,image,100,12,85,3,0.97,-0.752577
google_gemma-3-12b-it,mscoco,marker,6,0.125,val,42,intervention,text,100,44,49,7,0.93,-0.053763
google_gemma-3-12b-it,mscoco,marker,6,0.125,val,43,baseline,image,100,100,0,0,1.0,1.0
google_gemma-3-12b-it,mscoco,marker,6,0.125,val,43,baseline,text,100,100,0,0,1.0,1.0
google_gemma-3-12b-it,mscoco,marker,6,0.125,val,43,intervention,image,100,26,67,7,0.93,-0.44086
google_gemma-3-12b-it,mscoco,marker,6,0.125,val,43,intervention,text,100,47,46,7,0.93,0.010753
google_gemma-3-12b-it,mscoco,marker,6,0.125,val,44,baseline,image,100,100,0,0,1.0,1.0
google_gemma-3-12b-it,mscoco,marker,6,0.125,val,44,baseline,text,100,100,0,0,1.0,1.0
google_gemma-3-12b-it,mscoco,marker,6,0.125,val,44,intervention,image,100,16,82,2,0.98,-0.673469
google_gemma-3-12b-it,mscoco,marker,6,0.125,val,44,intervention,text,100,65,27,8,0.92,0.413043
google_gemma-3-12b-it,mscoco,marker,12,0.25,val,42,baseline,image,100,100,0,0,1.0,1.0
google_gemma-3-12b-it,mscoco,marker,12,0.25,val,42,baseline,text,100,100,0,0,1.0,1.0
google_gemma-3-12b-it,mscoco,marker,12,0.25,val,42,intervention,image,100,47,45,8,0.92,0.021739
google_gemma-3-12b-it,mscoco,marker,12,0.25,val,42,intervention,text,100,24,63,13,0.87,-0.448276
google_gemma-3-12b-it,mscoco,marker,12,0.25,val,43,baseline,image,100,100,0,0,1.0,1.0
google_gemma-3-12b-it,mscoco,marker,12,0.25,val,43,baseline,text,100,100,0,0,1.0,1.0
google_gemma-3-12b-it,mscoco,marker,12,0.25,val,43,intervention,image,100,34,62,4,0.96,-0.291667
google_gemma-3-12b-it,mscoco,marker,12,0.25,val,43,intervention,text,100,29,61,10,0.9,-0.355556
google_gemma-3-12b-it,mscoco,marker,12,0.25,val,44,baseline,image,100,100,0,0,1.0,1.0
google_gemma-3-12b-it,mscoco,marker,12,0.25,val,44,baseline,text,100,100,0,0,1.0,1.0
google_gemma-3-12b-it,mscoco,marker,12,0.25,val,44,intervention,image,100,32,63,5,0.95,-0.326316
google_gemma-3-12b-it,mscoco,marker,12,0.25,val,44,intervention,text,100,27,65,8,0.92,-0.413043
google_gemma-3-12b-it,mscoco,marker,18,0.375,val,42,baseline,image,100,100,0,0,1.0,1.0
google_gemma-3-12b-it,mscoco,marker,18,0.375,val,42,baseline,text,100,100,0,0,1.0,1.0
google_gemma-3-12b-it,mscoco,marker,18,0.375,val,42,intervention,image,100,38,57,5,0.95,-0.2
google_gemma-3-12b-it,mscoco,marker,18,0.375,val,42,intervention,text,100,91,7,2,0.98,0.857143
google_gemma-3-12b-it,mscoco,marker,18,0.375,val,43,baseline,image,100,100,0,0,1.0,1.0
google_gemma-3-12b-it,mscoco,marker,18,0.375,val,43,baseline,text,100,100,0,0,1.0,1.0
google_gemma-3-12b-it,mscoco,marker,18,0.375,val,43,intervention,image,100,36,59,5,0.95,-0.242105
google_gemma-3-12b-it,mscoco,marker,18,0.375,val,43,intervention,text,100,88,10,2,0.98,0.795918
google_gemma-3-12b-it,mscoco,marker,18,0.375,val,44,baseline,image,100,100,0,0,1.0,1.0
google_gemma-3-12b-it,mscoco,marker,18,0.375,val,44,baseline,text,100,100,0,0,1.0,1.0
google_gemma-3-12b-it,mscoco,marker,18,0.375,val,44,intervention,image,100,35,60,5,0.95,-0.263158
google_gemma-3-12b-it,mscoco,marker,18,0.375,val,44,intervention,text,100,90,7,3,0.97,0.85567
google_gemma-3-12b-it,mscoco,marker,24,0.5,val,42,baseline,image,100,100,0,0,1.0,1.0
google_gemma-3-12b-it,mscoco,marker,24,0.5,val,42,baseline,text,100,100,0,0,1.0,1.0
google_gemma-3-12b-it,mscoco,marker,24,0.5,val,42,intervention,image,100,100,0,0,1.0,1.0
google_gemma-3-12b-it,mscoco,marker,24,0.5,val,42,intervention,text,100,100,0,0,1.0,1.0
google_gemma-3-12b-it,mscoco,marker,24,0.5,val,43,baseline,image,100,100,0,0,1.0,1.0
google_gemma-3-12b-it,mscoco,marker,24,0.5,val,43,baseline,text,100,100,0,0,1.0,1.0
google_gemma-3-12b-it,mscoco,marker,24,0.5,val,43,intervention,image,100,100,0,0,1.0,1.0
google_gemma-3-12b-it,mscoco,marker,24,0.5,val,43,intervention,text,100,100,0,0,1.0,1.0
google_gemma-3-12b-it,mscoco,marker,24,0.5,val,44,baseline,image,100,100,0,0,1.0,1.0
google_gemma-3-12b-it,mscoco,marker,24,0.5,val,44,baseline,text,100,100,0,0,1.0,1.0
google_gemma-3-12b-it,mscoco,marker,24,0.5,val,44,intervention,image,100,100,0,0,1.0,1.0
google_gemma-3-12b-it,mscoco,marker,24,0.5,val,44,intervention,text,100,100,0,0,1.0,1.0
google_gemma-3-12b-it,mscoco,marker,29,0.625,val,42,baseline,image,100,100,0,0,1.0,1.0
google_gemma-3-12b-it,mscoco,marker,29,0.625,val,42,baseline,text,100,100,0,0,1.0,1.0
google_gemma-3-12b-it,mscoco,marker,29,0.625,val,42,intervention,image,100,100,0,0,1.0,1.0
google_gemma-3-12b-it,mscoco,marker,29,0.625,val,42,intervention,text,100,100,0,0,1.0,1.0
google_gemma-3-12b-it,mscoco,marker,29,0.625,val,43,baseline,image,100,100,0,0,1.0,1.0
google_gemma-3-12b-it,mscoco,marker,29,0.625,val,43,baseline,text,100,100,0,0,1.0,1.0
google_gemma-3-12b-it,mscoco,marker,29,0.625,val,43,intervention,image,100,100,0,0,1.0,1.0
google_gemma-3-12b-it,mscoco,marker,29,0.625,val,43,intervention,text,100,100,0,0,1.0,1.0
google_gemma-3-12b-it,mscoco,marker,29,0.625,val,44,baseline,image,100,100,0,0,1.0,1.0
google_gemma-3-12b-it,mscoco,marker,29,0.625,val,44,baseline,text,100,100,0,0,1.0,1.0
google_gemma-3-12b-it,mscoco,marker,29,0.625,val,44,intervention,image,100,100,0,0,1.0,1.0
google_gemma-3-12b-it,mscoco,marker,29,0.625,val,44,intervention,text,100,100,0,0,1.0,1.0
google_gemma-3-12b-it,mscoco,marker,35,0.75,val,42,baseline,image,100,100,0,0,1.0,1.0
google_gemma-3-12b-it,mscoco,marker,35,0.75,val,42,baseline,text,100,100,0,0,1.0,1.0
google_gemma-3-12b-it,mscoco,marker,35,0.75,val,42,intervention,image,100,100,0,0,1.0,1.0
google_gemma-3-12b-it,mscoco,marker,35,0.75,val,42,intervention,text,100,100,0,0,1.0,1.0
google_gemma-3-12b-it,mscoco,marker,35,0.75,val,43,baseline,image,100,100,0,0,1.0,1.0
google_gemma-3-12b-it,mscoco,marker,35,0.75,val,43,baseline,text,100,100,0,0,1.0,1.0
google_gemma-3-12b-it,mscoco,marker,35,0.75,val,43,intervention,image,100,100,0,0,1.0,1.0
google_gemma-3-12b-it,mscoco,marker,35,0.75,val,43,intervention,text,100,100,0,0,1.0,1.0
google_gemma-3-12b-it,mscoco,marker,35,0.75,val,44,baseline,image,100,100,0,0,1.0,1.0
google_gemma-3-12b-it,mscoco,marker,35,0.75,val,44,baseline,text,100,100,0,0,1.0,1.0
google_gemma-3-12b-it,mscoco,marker,35,0.75,val,44,intervention,image,100,100,0,0,1.0,1.0
google_gemma-3-12b-it,mscoco,marker,35,0.75,val,44,intervention,text,100,100,0,0,1.0,1.0
google_gemma-3-12b-it,mscoco,marker,41,0.875,val,42,baseline,image,100,100,0,0,1.0,1.0
google_gemma-3-12b-it,mscoco,marker,41,0.875,val,42,baseline,text,100,100,0,0,1.0,1.0
google_gemma-3-12b-it,mscoco,marker,41,0.875,val,42,intervention,image,100,100,0,0,1.0,1.0
google_gemma-3-12b-it,mscoco,marker,41,0.875,val,42,intervention,text,100,100,0,0,1.0,1.0
google_gemma-3-12b-it,mscoco,marker,41,0.875,val,43,baseline,image,100,100,0,0,1.0,1.0
google_gemma-3-12b-it,mscoco,marker,41,0.875,val,43,baseline,text,100,100,0,0,1.0,1.0
google_gemma-3-12b-it,mscoco,marker,41,0.875,val,43,intervention,image,100,100,0,0,1.0,1.0
google_gemma-3-12b-it,mscoco,marker,41,0.875,val,43,intervention,text,100,100,0,0,1.0,1.0
google_gemma-3-12b-it,mscoco,marker,41,0.875,val,44,baseline,image,100,100,0,0,1.0,1.0
google_gemma-3-12b-it,mscoco,marker,41,0.875,val,44,baseline,text,100,100,0,0,1.0,1.0
google_gemma-3-12b-it,mscoco,marker,41,0.875,val,44,intervention,image,100,100,0,0,1.0,1.0
google_gemma-3-12b-it,mscoco,marker,41,0.875,val,44,intervention,text,100,100,0,0,1.0,1.0
google_gemma-3-12b-it,mscoco,marker,47,1.0,val,42,baseline,image,100,100,0,0,1.0,1.0
google_gemma-3-12b-it,mscoco,marker,47,1.0,val,42,baseline,text,100,100,0,0,1.0,1.0
google_gemma-3-12b-it,mscoco,marker,47,1.0,val,42,intervention,image,100,100,0,0,1.0,1.0
google_gemma-3-12b-it,mscoco,marker,47,1.0,val,42,intervention,text,100,100,0,0,1.0,1.0
google_gemma-3-12b-it,mscoco,marker,47,1.0,val,43,baseline,image,100,100,0,0,1.0,1.0
google_gemma-3-12b-it,mscoco,marker,47,1.0,val,43,baseline,text,100,100,0,0,1.0,1.0
google_gemma-3-12b-it,mscoco,marker,47,1.0,val,43,intervention,image,100,100,0,0,1.0,1.0
google_gemma-3-12b-it,mscoco,marker,47,1.0,val,43,intervention,text,100,100,0,0,1.0,1.0
google_gemma-3-12b-it,mscoco,marker,47,1.0,val,44,baseline,image,100,100,0,0,1.0,1.0
google_gemma-3-12b-it,mscoco,marker,47,1.0,val,44,baseline,text,100,100,0,0,1.0,1.0
google_gemma-3-12b-it,mscoco,marker,47,1.0,val,44,intervention,image,100,100,0,0,1.0,1.0
google_gemma-3-12b-it,mscoco,marker,47,1.0,val,44,intervention,text,100,100,0,0,1.0,1.0
